"序号","应用ID","应用名称","开发者","当前状态","价格","分类","上架时间"
"1","6451037640","Toilet Monster - Draw To Save","Izhar Ahmad","在线","0.00","益智解谜","2023-07-08 00:00:00"
"2","6450207849","风云扫描王-文件转PDF、证件扫描、文档管理和OCR文字识别","Shanghai Jianji Network Technology Co., Ltd","在线","0.00","效率","2023-07-08 00:00:00"
"3","6450637851","AI智能写手-写作报告PPT编辑助手","Chongqing Micro Moby Technology Co., Ltd.","在线","0.00","效率","2023-07-08 00:00:00"
"4","6449422778","GoFun商户","Go Fun","在线","0.00","工具","2023-07-08 00:00:00"
"5","6443516223","三国志名将志 - 策略三国挂机手游","海霞 陈","在线","0.00","娱乐","2023-07-08 01:32:13"
"6","6450895932","DIY Monster Playtime: Makeover","Muhammad Imran","下架","0.00","休闲","2023-07-08 00:00:00"
"7","6450953535","Fill the Makeup Organizer Game","Haroon Mehmood","在线","0.00","角色扮演","2023-07-08 00:00:00"
"8","1593179741","Magic School: Wizarding Exam","Egor Vdovin","在线","0.00","益智解谜","2023-07-08 21:10:57"
"9","6450715746","Toilet Monster Scary House","Caroline Lagarde","下架","0.00","动作","2023-07-08 00:23:23"
"10","1335052501","Ai Scope","凌 张","在线","0.00","摄影与录像","2023-07-08 15:34:20"
"11","1407706280","finder borescope","凌 张","在线","0.00","摄影与录像","2023-07-08 15:37:01"
"12","1484428568","AllScope","凌 张","在线","0.00","健康健美","2023-07-08 15:48:40"
"13","1636236310","AllScope2","凌 张","在线","0.00","健康健美","2023-07-08 16:26:23"
"14","6450252933","NFC-通用NFC门禁卡,NFC读卡器&NFC读取tools","Dao Nguyen Thi","下架","0.00","工具","2023-07-08 03:21:29"
"15","6451042818","Gambling Quit Home-We Together","旭东 年","在线","0.00","参考","2023-07-08 00:00:00"
"16","1619046920","Offerheap: IT Recruitment","ITincubator UAB","在线","0.00","商务","2023-07-08 00:00:00"
"17","6450584021","sky animation - animate photo","Sounak Sarkar","在线","0.00","软件开发工具","2023-07-08 00:00:00"
"18","1592272025","万能TopWidgets小组件-芒图2023你的壁纸社区","Fatih Sencan","下架","0.00","生活","2023-07-08 10:23:35"
"19","6447333653","决胜数独","Jose Cruz","在线","0.00","益智解谜","2023-07-08 14:47:41"
"20","6450708081","Aurora Forecast Rocketeer","University Centre in Svalbard (UNIS)","下架","0.00","教育","2023-07-08 00:00:00"
"21","6450724926","ChatNow-智寻AI对话&人工智能对话","全 王","下架","0.00","工具","2023-07-08 23:19:55"
"22","455235486","MeiHua","MEIHUA INFORMATION","在线","0.00","商务","2023-07-08 11:20:13"
"23","1481557149","制道云","MEIHUA INFORMATION","在线","0.00","效率","2023-07-08 10:39:15"
"24","1492890979","哈福云","MEIHUA INFORMATION","在线","0.00","效率","2023-07-08 10:41:16"
"25","1535414504","根云积木","MEIHUA INFORMATION","在线","0.00","效率","2023-07-08 10:50:55"
"26","1548615000","梅花数据","MEIHUA INFORMATION","在线","0.00","效率","2023-07-08 11:02:25"
"27","6450887669","Truco Card Game","Droid-Veda LLP","在线","0.00","休闲","2023-07-08 00:00:00"
"28","1627935482","Easier And Simple Weather","Tomas Sanni","下架","0.00","天气","2023-07-08 05:33:57"
"29","6443765603","GooWeather","Tomas Sanni","在线","0.00","天气","2023-07-08 04:38:53"
"30","6450645505","PDF Editor - PDF Converter Pro","梓 王","下架","0.00","效率","2023-07-08 03:05:04"
"31","6451040555","戰鬥吧！大魔王","Shaanxi Xinsheng Bohai Technology & Trade Co.,Ltd.","下架","0.00","游戏","2023-07-08 00:00:00"
"32","1621225567","1 Password Manager Vault: Liso","Oliver Martinez","在线","0.00","效率","2023-07-08 04:35:46"
"33","6450889098","MJ AI-全能绘画大模型创意海报生产力工具","ZFERRY GROUP LTD.","下架","0.00","图形和设计","2023-07-08 00:00:00"
"34","6451035860","鹊桥-来这里 遇见TA","Guangzhou Shengzhuan Electronic Commerce Co., LTD","在线","0.00","社交","2023-07-08 00:00:00"
"35","1623408095","数据结构与算法","Hangzhou Xiaoke Technology Co., Ltd.","在线","0.00","教育","2023-07-08 18:08:54"
"36","1103110494","Sensa Slovenia","Magzter Inc.","在线","0.00","报刊杂志","2023-07-08 08:59:57"
"37","1103115182","Story Slovenia","Magzter Inc.","在线","0.00","报刊杂志","2023-07-08 09:00:00"
"38","1103117478","Liza Slovenia","Magzter Inc.","在线","0.00","报刊杂志","2023-07-08 08:45:11"
"39","6451001356","小布丁主題桌布","lokwing So","下架","0.00","生活","2023-07-08 00:00:00"
"40","6450414147","水印相机-时间地点和工作水印&水印打卡记录","洪涛 于","在线","0.00","工具","2023-07-08 11:27:29"
"41","6450938700","汤姆的电子猫-虚拟宠物陪伴治愈 单机休闲游戏","Suzanne Zavala","下架","0.00","娱乐","2023-07-08 13:32:40"
"42","6443617506","Reto -","UnCheon Baek","在线","0.00","效率","2023-07-08 00:00:00"
"43","547894319","经管之家","Beijing Guofuruhe Networking Technology Co., Ltd","在线","0.00","教育","2023-07-08 08:43:31"
"44","654635324","就学网-在线教育视频学习平台","Beijing Guofuruhe Networking Technology Co., Ltd","在线","0.00","教育","2023-07-08 08:46:24"
"45","1069225260","CDA-数字化人才认证首选","Beijing Guofuruhe Networking Technology Co., Ltd","在线","0.00","教育","2023-07-08 08:58:17"
"46","1489132181","好学AI","Beijing Guofuruhe Networking Technology Co., Ltd","在线","0.00","教育","2023-07-08 09:26:34"
"47","1446490348","SpiralCam - Astrophotography","yong chong loh","在线","2.99","摄影与录像","2023-07-08 18:59:34"
"48","1456540708","MilkyCam - Astrophotography","yong chong loh","在线","2.99","摄影与录像","2023-07-08 17:38:45"
"49","1644595773","桌面单词 - 桌搭记单词工具","创潮 欧","在线","0.00","教育","2023-07-08 12:37:51"
"50","6451065436","EnjoyDailylife","Kadir Mavi","在线","0.00","生活","2023-07-08 07:00:00"
"51","1474398325","Daily Workout (365 Day Fitness","Argam Yeritsyan","在线","0.00","健康健美","2023-07-08 20:43:53"
"52","1479894936","Daily /Evening/ Home Workout","Argam Yeritsyan","在线","0.00","健康健美","2023-07-08 20:43:37"
"53","1627308622","Calm Me Now","Emil Hotkowski","在线","0.99","健康健美","2023-07-08 21:16:49"
"54","6450728122","倒数日-2023全新版本震撼来袭","俊超 张","下架","0.00","生活","2023-07-08 00:00:00"
"55","6450831463","Artful Move","Wuhan Dezhenglu Building Materials Co. Ltd","下架","0.00","娱乐","2023-07-08 09:50:25"
"56","6450770226","CD ordering-convenient","借钱,贷款,网贷,借钱平台,借钱软件,贷款平台,贷款软件,借款,借款软件,招联金融,小额贷款,分期乐,信用贷款,小米贷款,分期贷款,分期,你我贷,贷,借,贷款秒批,贷款","下架","0.00","工具","2023-07-08 05:34:46"
"57","6450957801","Mystake Slots","Tech Data Funding Ltd","下架","0.00","游戏","2023-07-08 00:00:00"
"58","6450991606","大桥集团","武汉海昌信息技术有限公司","在线","0.00","工具","2023-07-08 00:00:00"
"59","6450976773","Learn Banking","Muhammad Umair","在线","1.99","财务","2023-07-08 00:00:00"
"60","6446307443","提词器-创意提词器大师","ShowMe Network Ltd.","下架","0.00","效率","2023-07-08 12:49:05"
"61","6448859681","直播伴侣Pro","ShowMe Network Ltd.","下架","0.00","摄影与录像","2023-07-08 12:43:45"
"62","6450974287","Walkation","yujun ma","下架","0.00","娱乐","2023-07-08 00:00:00"
"63","6450927832","Voice Over Clone - Leven AI","Nosakhare Ogbebor","在线","0.00","参考","2023-07-08 00:00:00"
"64","1125104933","Socal Mental Math - AN","CHIULING C AN","下架","1.99","教育","2023-07-08 07:58:36"
"65","1563350928","ARTISTS BLOCK","Xcogames LLC","下架","0.00","图形和设计","2023-07-08 02:34:04"
"66","6450994969","Skibidi Toilet Attack Series","Hoàng Nam Phe","下架","0.00","冒险","2023-07-08 00:00:00"
"67","853335765","Choice Compass","Mossbridge Institute, LLC","在线","10.99","生活","2023-07-08 05:42:47"
"68","1159003700","Heart Star","Jussi Simpanen","在线","0.00","益智解谜","2023-07-08 00:02:43"
"69","1275786845","Duke Dashington Remastered","Jussi Simpanen","在线","0.00","冒险","2023-07-08 00:18:15"
"70","1462538547","Total Party Kill","Jussi Simpanen","在线","0.00","冒险","2023-07-08 00:45:00"
"71","1267252701","返利快报-购物优惠券的省钱APP","有为 蔡","在线","0.00","购物","2023-07-08 00:20:04"
"72","6450923232","OnlyCardFallen","S炸金花 百家乐 捕鱼 牛牛,抢庄牛牛,森林舞会,皇冠体育,德州,21点,扑克,老虎机,龙虎斗,开元棋牌,麻将胡了,彩票,时时彩,幸运飞艇,六合彩CORP","下架","0.00","游戏","2023-07-08 07:38:15"
"73","6450496524","word文档-文档编辑转换提取助手","Umut Veran","下架","0.00","工具","2023-07-08 14:42:13"
"74","6451045401","CISA Plus Prep | 2023","Wisdom Prep Inc.","下架","19.99","教育","2023-07-08 07:00:00"
"75","6451045456","GAQM PREP | 2023","Wisdom Prep Inc.","下架","19.99","教育","2023-07-08 07:00:00"
"76","1661497057","CryptoEmpire: Match-3 Battle","Binatir Limited","在线","0.00","卡牌","2023-07-08 00:00:00"
"77","6449222861","子曰英语","安清 邵","在线","0.00","教育","2023-07-08 00:00:00"
"78","1488435802","Acute Art","Acute Art ltd","在线","0.00","娱乐","2023-07-08 00:47:00"
"79","1023645723","準力機械 JOENLIH","GT MARKET CONSULTING CO., LTD.","下架","0.00","图书","2023-07-08 18:32:15"
"80","6450413457","Highlight Covers App","Reload","在线","0.00","图形和设计","2023-07-08 00:00:00"
"81","369327398","unfollow for Twitter","Spicy Apps","在线","0.00","社交","2023-07-08 16:35:12"
"82","6451041553","万能修改助手-EXIF编辑器定位工具虚拟精灵","龙飞 张","下架","0.00","导航","2023-07-08 00:00:00"
"83","1514366467","精选吃喝玩乐-高品质的酒店自助及旅游","妙铃 林","在线","0.00","旅游","2023-07-08 09:28:40"
"84","6450991932","Между булок | Лесосибирск","AMGRAAL, OOO","在线","0.00","美食佳饮","2023-07-08 00:00:00"
"85","6449812805","脱出ゲーム　冬のおくりもの","eisuke nishino","在线","0.00","益智解谜","2023-07-08 14:12:15"
"86","6450667680","C20快车司机端","天津华时科技有限公司","在线","0.00","工具","2023-07-08 00:00:00"
"87","6451072990","PinbusSorle","Ramazan Denizci","下架","0.00","游戏","2023-07-08 00:00:00"
"88","399789038","iTarga Pro - License Plate","Ottorino Bruni","下架","11.99","工具","2023-07-08 16:36:02"
"89","6450912947","看天气背单词","美玲 詹","下架","0.00","天气","2023-07-08 00:00:00"
"90","1559710697","Lil Tjay","23/7 Global Inc.","下架","0.00","音乐","2023-07-08 00:00:00"
"91","6451008707","Merge Graph","Nick Silverstein","下架","49.99","商务","2023-07-08 00:00:00"
"92","6451027125","Merge Sci","Nick Silverstein","下架","49.99","商务","2023-07-08 00:00:00"
"93","6451045937","Anmol Cuisine Morley","Ibrar Hussain","在线","0.00","美食佳饮","2023-07-08 00:00:00"
"94","1528698041","Sort it Cake","COCONUT OYUN YAZILIM VE TİCARET PAZARLAMA LİMİTED ŞİRKETİ","下架","0.00","益智解谜","2023-07-08 20:54:04"
"95","1543248810","Roomba io","COCONUT OYUN YAZILIM VE TİCARET PAZARLAMA LİMİTED ŞİRKETİ","下架","0.00","休闲","2023-07-08 20:52:07"
"96","1547185561","Baby Escape","COCONUT OYUN YAZILIM VE TİCARET PAZARLAMA LİMİTED ŞİRKETİ","下架","0.00","策略","2023-07-08 21:03:08"
"97","1554846829","Western Life","COCONUT OYUN YAZILIM VE TİCARET PAZARLAMA LİMİTED ŞİRKETİ","下架","0.00","动作","2023-07-08 21:02:11"
"98","1564254997","Sneaker Design","COCONUT OYUN YAZILIM VE TİCARET PAZARLAMA LİMİTED ŞİRKETİ","下架","0.00","模拟","2023-07-08 20:58:35"
"99","1581945465","Roller Coaster Stack 3D","COCONUT OYUN YAZILIM VE TİCARET PAZARLAMA LİMİTED ŞİRKETİ","下架","0.00","家庭聚会","2023-07-08 21:03:25"
"100","1585953859","Chief Writer","COCONUT OYUN YAZILIM VE TİCARET PAZARLAMA LİMİTED ŞİRKETİ","下架","0.00","益智解谜","2023-07-08 21:01:57"
"101","1593194024","Toy Rush 3D","COCONUT OYUN YAZILIM VE TİCARET PAZARLAMA LİMİTED ŞİRKETİ","下架","0.00","竞速","2023-07-08 21:04:15"
"102","1172501360","Bus Simulation 2017","HRY GROUP BILISIM INSAAT SANAYI TICARET ANONIM SIRKETI","在线","0.00","动作","2023-07-08 20:24:42"
"103","1526253195","Popcorn Pin - Pull & Loot","HRY GROUP BILISIM INSAAT SANAYI TICARET ANONIM SIRKETI","在线","0.00","益智解谜","2023-07-08 20:49:59"
"104","1535726822","Gas Jockey - Pump Attendant","HRY GROUP BILISIM INSAAT SANAYI TICARET ANONIM SIRKETI","在线","0.00","休闲","2023-07-08 20:50:06"
"105","1545955074","Boo! Scare the Humans","HRY GROUP BILISIM INSAAT SANAYI TICARET ANONIM SIRKETI","在线","0.00","动作","2023-07-08 20:52:29"
"106","1547170138","Office Thief - Escape Puzzle","HRY GROUP BILISIM INSAAT SANAYI TICARET ANONIM SIRKETI","在线","0.00","策略","2023-07-08 21:03:41"
"107","1558772475","Ball Surfer - Giant Stack Rush","HRY GROUP BILISIM INSAAT SANAYI TICARET ANONIM SIRKETI","在线","0.00","休闲","2023-07-08 20:54:23"
"108","1560162340","ABC Run - Trivia Racing Fun","HRY GROUP BILISIM INSAAT SANAYI TICARET ANONIM SIRKETI","在线","0.00","问答","2023-07-08 20:53:57"
"109","1560850749","Draw Super Animal Race","HRY GROUP BILISIM INSAAT SANAYI TICARET ANONIM SIRKETI","在线","0.00","休闲","2023-07-08 20:53:48"
"110","1565631443","Brain Testing IQ Story Puzzles","HRY GROUP BILISIM INSAAT SANAYI TICARET ANONIM SIRKETI","在线","0.00","益智解谜","2023-07-08 20:55:00"
"111","1566691597","Another RPG Game You Will Love","HRY GROUP BILISIM INSAAT SANAYI TICARET ANONIM SIRKETI","在线","0.00","角色扮演","2023-07-08 20:56:13"
"112","1566739953","Animal Switch Transformers","HRY GROUP BILISIM INSAAT SANAYI TICARET ANONIM SIRKETI","在线","0.00","音乐","2023-07-08 21:03:38"
"113","1566901446","Street Fights","HRY GROUP BILISIM INSAAT SANAYI TICARET ANONIM SIRKETI","在线","0.00","动作","2023-07-08 20:57:59"
"114","1589629760","Jungle Ninja Adventure","HRY GROUP BILISIM INSAAT SANAYI TICARET ANONIM SIRKETI","在线","0.00","冒险","2023-07-08 21:03:55"
"115","1600588123","Real Crane Simulator","HRY GROUP BILISIM INSAAT SANAYI TICARET ANONIM SIRKETI","在线","0.00","模拟","2023-07-08 21:05:59"
"116","1601128025","Fire Fighting Truck Simulator","HRY GROUP BILISIM INSAAT SANAYI TICARET ANONIM SIRKETI","在线","0.00","模拟","2023-07-08 21:05:22"
"117","1605388852","Idle War - Conquer Land","HRY GROUP BILISIM INSAAT SANAYI TICARET ANONIM SIRKETI","在线","0.00","模拟","2023-07-08 21:07:53"
"118","1608789604","Airport Fire Truck Simulation","HRY GROUP BILISIM INSAAT SANAYI TICARET ANONIM SIRKETI","在线","0.00","策略","2023-07-08 21:07:37"
"119","1608801093","Factory Excavator Simulator","HRY GROUP BILISIM INSAAT SANAYI TICARET ANONIM SIRKETI","在线","0.00","冒险","2023-07-08 21:14:04"
"120","1608939055","Garbage Truck Simulator Game","HRY GROUP BILISIM INSAAT SANAYI TICARET ANONIM SIRKETI","在线","0.00","模拟","2023-07-08 21:08:32"
"121","1608956681","Motorcycle Pizza Delivery Game","HRY GROUP BILISIM INSAAT SANAYI TICARET ANONIM SIRKETI","在线","0.00","模拟","2023-07-08 21:12:47"
"122","1609115303","Western Horse Cowboy Simulator","HRY GROUP BILISIM INSAAT SANAYI TICARET ANONIM SIRKETI","在线","0.00","模拟","2023-07-08 21:10:51"
"123","1609162026","Wheel Mining Loader","HRY GROUP BILISIM INSAAT SANAYI TICARET ANONIM SIRKETI","在线","0.00","角色扮演","2023-07-08 21:14:04"
"124","1610050423","Dumper Truck - Snowy Road","HRY GROUP BILISIM INSAAT SANAYI TICARET ANONIM SIRKETI","在线","0.00","竞速","2023-07-08 21:13:44"
"125","1619705703","Başkan Koruma Konvoy Simulator","HRY GROUP BILISIM INSAAT SANAYI TICARET ANONIM SIRKETI","在线","0.00","模拟","2023-07-08 21:11:43"
"126","1609087229","Police Riot Truck","HRY GROUP BILISIM INSAAT SANAYI TICARET ANONIM SIRKETI","在线","0.00","模拟","2023-07-08 21:07:47"
"127","1636464304","Ocean Cargo Ship Simulator","HRY GROUP BILISIM INSAAT SANAYI TICARET ANONIM SIRKETI","在线","0.00","模拟","2023-07-08 21:15:18"
"128","6443800462","Guard Operation: Sniper&Flight","HRY GROUP BILISIM INSAAT SANAYI TICARET ANONIM SIRKETI","在线","0.00","动作","2023-07-08 21:21:05"
"129","6444216858","Forklift Driving Ultimate","HRY GROUP BILISIM INSAAT SANAYI TICARET ANONIM SIRKETI","在线","0.00","角色扮演","2023-07-08 21:22:07"
"130","1658560238","Tow Truck Wrecker","HRY GROUP BILISIM INSAAT SANAYI TICARET ANONIM SIRKETI","在线","0.00","模拟","2023-07-08 21:16:40"
"131","1668979409","VividShaper","Lars Forsberg","在线","6.99","音乐","2023-07-08 18:48:37"
"132","6450891818","Dog Simulator Pet Animal Games","Mirza Adnan Nazir","在线","0.00","娱乐","2023-07-08 00:00:00"
"133","6450953329","Highway Car Chase Police Games","Mirza Adnan Nazir","在线","0.00","冒险","2023-07-08 00:00:00"
"134","6450978716","DIY Dessert Stack Runner Games","Shehzad Amin","下架","0.00","角色扮演","2023-07-08 00:00:00"
"135","6450771680","Surf Card Chosen","P炸金花 百家乐 捕鱼 牛牛,抢庄牛牛,森林舞会,皇冠体育,德州,21点,扑克,老虎机,龙虎斗,开元棋牌,麻将胡了,彩票,时时彩,幸运飞艇,六合彩LTD","下架","0.00","娱乐","2023-07-08 14:52:35"
"136","6450942429","TalkTutor","c百家乐,炸金花,棋牌,牛牛,捕鱼,开元棋牌,龙虎斗,彩票,新葡京,抢庄牛牛,财神捕鱼,森林舞会,飞禽走兽,麻将胡了,21点,连环夺宝","下架","0.00","工具","2023-07-08 11:17:46"
"137","6450543702","We are Going","Ali Can Uncu","下架","0.00","游戏","2023-07-08 00:00:00"
"138","1638368411","Vosdellen","Next Levels GmbH","在线","0.00","商务","2023-07-08 00:00:00"
"139","6450994763","Manay","Inmobito","在线","0.00","美食佳饮","2023-07-08 00:00:00"
"140","1050487285","Air Video TV","Bit Cave Ltd.","在线","4.99","摄影与录像","2023-07-08 21:53:11"
"141","6450537398","Thegoldcoastrestaurant","Fusion Innovative Limited","在线","0.00","美食佳饮","2023-07-08 00:00:00"
"142","6450661348","Food AI - Recipe Generator","Malik Hamza Khalid","在线","0.00","效率","2023-07-08 00:00:00"
"143","1495986464","Mix Lab","Bacardi-Martini B.V.","下架","0.00","美食佳饮","2023-07-08 00:50:12"
"144","1138676591","项目e - 让项目管理变容易","深圳云联万企科技有限公司","在线","0.00","效率","2023-07-08 15:20:16"
"145","1507935157","工程e","深圳云联万企科技有限公司","在线","0.00","效率","2023-07-08 14:15:05"
"146","1563098481","Nutri-Calculator","Nattaphon Churangsarit","在线","0.00","美食佳饮","2023-07-08 12:32:05"
"147","6451006929","Siempre Fiel Radio","305 STREAM, INC","在线","0.00","音乐","2023-07-08 00:00:00"
"148","6451009558","Djes Network Media","305 STREAM, INC","在线","0.00","音乐","2023-07-08 00:00:00"
"149","1319788909","Run, Jump, Play","#GetKidsMoving Inc.","在线","0.00","体育","2023-07-08 15:43:02"
"150","1526955551","Hitlist: Histamine Helper","Kingfisher Company","在线","0.99","美食佳饮","2023-07-08 00:57:38"
"151","6450897136","VedasMegalithInamgaon","百家乐,牛牛,炸金花,捕鱼,棋牌,开元棋牌,龙虎斗,老虎机,开云体育","下架","0.00","参考","2023-07-08 22:32:05"
"152","1496719704","QR Sidekick","Brad Evans","在线","0.00","工具","2023-07-08 00:00:00"
"153","6450916397","QuickWash","Dreamguy's Technologies","在线","0.00","生活","2023-07-08 00:00:00"
"154","6450989396","Fleecy - A Furzy Pet to Luv","Nimisha Thaker","下架","0.00","教育","2023-07-08 00:00:00"
"155","1492805420","OKE ร้องเพลงไทย","Mono Streaming Company Limited","在线","0.00","音乐","2023-07-08 14:12:41"
"156","6451071640","出行票夹 - 出行交友便捷名片小制","嘉辉 李","下架","0.00","效率","2023-07-08 00:00:00"
"157","6450708712","婉美出行司机端","宜宾市婉美出行约车服务有限公司","在线","0.00","工具","2023-07-08 00:00:00"
"158","6450981792","Will eat 何食べようかな","hiromu izuwa","在线","0.00","美食佳饮","2023-07-08 00:00:00"
"159","1545372872","Velvet - Sensual Audio Stories","Asian Turbo Limited","在线","0.00","娱乐","2023-07-08 04:28:09"
"160","6449297184","优途加速器-极速国际***","Super National VPN LLC","下架","0.00","软件开发工具","2023-07-08 00:00:00"
"161","6451003968","MY MOBILE BOX","RODEO DIGITAL PRIVATE LIMITED","在线","0.00","商务","2023-07-08 00:00:00"
"162","6451043474","Roopam Dryfruit","RODEO DIGITAL PRIVATE LIMITED","在线","0.00","商务","2023-07-08 07:00:00"
"163","1608762936","day water","家煦 李","下架","0.99","健康健美","2023-07-08 01:22:59"
"164","1611875602","购物智","家煦 李","下架","4.99","购物","2023-07-08 01:21:54"
"165","1614033686","ar car汽车","家煦 李","下架","7.99","生活","2023-07-08 01:26:21"
"166","1618571245","分编小记","家煦 李","下架","4.99","商务","2023-07-08 01:23:03"
"167","1620656947","丰英","家煦 李","下架","6.99","教育","2023-07-08 01:26:03"
"168","1621919295","有趣的灵魂","家煦 李","下架","1.99","生活","2023-07-08 01:28:05"
"169","1623062601","影学","家煦 李","下架","0.99","生活","2023-07-08 01:26:28"
"170","1630550892","Timereversal","家煦 李","下架","5.99","游戏","2023-07-08 01:26:11"
"171","1633371215","my puzzles","家煦 李","下架","1.99","教育","2023-07-08 01:27:02"
"172","6443650527","DAYwater PRO","家煦 李","下架","0.99","健康健美","2023-07-08 01:32:43"
"173","6449940628","Tank Drivers","Tomasz Dyrak","在线","0.00","休闲","2023-07-08 00:00:00"
"174","507663846","RentFaster.ca","RentFaster.ca","在线","0.00","生活","2023-07-08 01:44:40"
"175","582443948","Vertical App","VERTICAL CHURCH, INC (NC)","在线","0.00","生活","2023-07-08 03:44:49"
"176","697996573","JKYOG Divine Love & Devotion","JKYog","在线","0.00","生活","2023-07-08 18:25:24"
"177","723667514","MyPinPoint Golfer","Pinpoint Media International Limited","在线","0.00","体育","2023-07-08 01:50:06"
"178","723642675","MyPinPoint Greenkeeper","Pinpoint Media International Limited","在线","0.00","体育","2023-07-08 01:53:25"
"179","736612331","Gott allein genügt!","Karmel Österreich","在线","0.00","教育","2023-07-08 18:26:56"
"180","803031481","Telesur FAQ","Telecommunicatiebedrijf Suriname","在线","0.00","工具","2023-07-08 02:52:44"
"181","817166930","Gasovale Inteligente","sistemas enpunto","在线","0.00","商务","2023-07-08 04:46:32"
"182","834012608","Integrity Fitness","Integrity Fitness Ltd","在线","0.00","健康健美","2023-07-08 01:53:25"
"183","825505538","Ticketmatic Scanning","Ticketmatic","在线","0.00","商务","2023-07-08 19:56:09"
"184","898778768","Canguru Gravidez","Qeepme Tecnologia em Saúde","下架","0.00","健康健美","2023-07-08 04:48:02"
"185","912578643","ANA Meetings","American Neurological Association","在线","0.00","参考","2023-07-08 15:04:36"
"186","912779635","6060 Building","Candlewood, Inc","在线","0.00","效率","2023-07-08 08:51:08"
"187","894670630","Attorney's Briefcase","Attorney's BriefCase","在线","0.00","参考","2023-07-08 01:54:31"
"188","892365114","Xpert Eleven Soccer Manager","Xpert Eleven","在线","0.00","体育","2023-07-08 21:50:02"
"189","946810181","Tele.i.C","Telecommunicatiebedrijf Suriname","在线","0.00","社交","2023-07-08 02:57:46"
"190","946769599","2,3,4 Year Old Games for Kids","Antti Lehtinen","在线","0.00","教育","2023-07-08 20:00:16"
"191","879470531","Woord Maties","Telecommunicatiebedrijf Suriname","下架","0.00","字谜","2023-07-08 02:53:01"
"192","947634664","Incremental","Iffy Studio","在线","0.00","娱乐","2023-07-08 01:56:02"
"193","991860795","Lindsay Guide","Lindsay","在线","0.00","教育","2023-07-08 06:50:19"
"194","990977556","RMET","Candlewood, Inc","在线","0.00","效率","2023-07-08 08:55:36"
"195","994145744","Warranty Claim Care","Michelin North America","在线","0.00","商务","2023-07-08 01:58:55"
"196","1005539404","コドモン - 保育園の連絡をアプリで簡単に","CODMON, INC.","在线","0.00","教育","2023-07-08 21:49:52"
"197","1012995075","2048 NumShift","Telecommunicatiebedrijf Suriname","下架","0.00","益智解谜","2023-07-08 02:57:46"
"198","985173134","Kur'an-i Kerim","RECEP ERDOGAN","在线","0.00","图书","2023-07-08 21:49:20"
"199","995870310","Fmood","Enexia, LLC","下架","0.00","健康健美","2023-07-08 15:09:44"
"200","1040873627","Big Dot","Iffy Studio","在线","0.00","动作","2023-07-08 02:00:41"
"201","1017390620","Taki","Telecommunicatiebedrijf Suriname","下架","0.00","工具","2023-07-08 02:57:46"
"202","1072214062","KDIV 98.7","Reginald Brasfield","下架","0.00","娱乐","2023-07-08 03:56:45"
"203","1080271858","中国56114物流平台","业保 张","下架","0.00","商务","2023-07-08 23:54:04"
"204","1082096776","88ff","业保 张","下架","0.00","商务","2023-07-08 23:54:10"
"205","1089636929","«Blagovist» Real Estate Agency","PERSHA RIELTORSKA GRUPA, KORPORATSIYA","在线","0.00","商务","2023-07-08 23:54:17"
"206","1026845667","modo - organize your files","Modo Systems Ltd","下架","0.00","效率","2023-07-08 06:46:33"
"207","1080844909","スマートな2ch&ニュースまとめアプリ - Skych","Tugs Itgelt Munkhjargal","在线","0.00","娱乐","2023-07-08 15:16:55"
"208","1109833368","Decoplus - 可愛いスタンプがいっぱい！無料のカメラ加工アプリ","Tugs Itgelt Munkhjargal","在线","0.00","摄影与录像","2023-07-08 15:18:59"
"209","985977336","Jigsaw Puzzles for Adults - M2","Antti Lehtinen","在线","0.00","桌面","2023-07-08 20:02:18"
"210","1136290112","Mohave Valley ESD, AZ","Mohave Valley Elementary School District","在线","0.00","教育","2023-07-08 04:06:18"
"211","1152640142","Zimmatic Irrigation Calculator","Lindsay","在线","0.00","商务","2023-07-08 06:58:47"
"212","1154410924","コドモンレコ","CODMON, INC.","在线","0.00","效率","2023-07-08 22:03:01"
"213","1147853979","Embalm Calc","Jared Nutt","在线","0.00","医疗","2023-07-08 08:01:15"
"214","1173326043","布里斯","Chen You-Jin","下架","0.00","教育","2023-07-08 10:23:42"
"215","1186185257","Zeplin Pub","OLMUS TURIZM ORGANIZASYON VE GIDA ANONIM SIRKETI","在线","0.00","美食佳饮","2023-07-08 00:10:08"
"216","1191733427","AyusCare","ISIRI TECHNOLOGIES PRIVATE LIMITED","在线","0.00","健康健美","2023-07-08 22:09:59"
"217","1205159602","MYPALANPURI RIYAZUL QURAN 13LN","Mohamed Ahmed","在线","0.00","图书","2023-07-08 22:10:16"
"218","1168570376","THE BARN Wine Bar","Incite Food","在线","0.00","生活","2023-07-08 13:44:32"
"219","1215006192","Meattogo","Sancrisoft","在线","0.00","美食佳饮","2023-07-08 06:03:18"
"220","1211286067","Живые открытки","Jamshid Shamansurov","在线","0.00","娱乐","2023-07-08 18:47:08"
"221","1217664171","Investapp","Mark Harnell","下架","0.00","财务","2023-07-08 02:12:32"
"222","1229573974","Live Chat 3","Jerome Kaegi","在线","0.00","商务","2023-07-08 18:50:13"
"223","1231179093","Barro’s Pizza","Barzza LLC","在线","0.00","美食佳饮","2023-07-08 09:08:28"
"224","1097748299","Keyline Cloning Tool","Keyline S.p.A.","在线","0.00","效率","2023-07-08 22:01:05"
"225","1234415128","智慧之家-longsheng","泉州市龙圣智能科技有限公司","在线","0.00","生活","2023-07-08 00:15:12"
"226","1232283820","Bquadro Client App","Astidental di Sabbione spa","在线","0.00","效率","2023-07-08 00:14:07"
"227","1208558100","BackdropsForLess","pierre prevalon","下架","0.00","商务","2023-07-08 13:52:25"
"228","1245630129","Lutja Ime","Dorjan Vulaj","在线","0.00","图书","2023-07-08 02:14:04"
"229","1249644337","Inflation app","Mark Harnell","下架","0.00","财务","2023-07-08 02:14:04"
"230","1249630717","PolitikYol","Ali Haydar Firat","在线","0.00","新闻","2023-07-08 02:15:07"
"231","1247103017","Hock Photos","Iffy Studio","在线","0.00","摄影与录像","2023-07-08 02:13:24"
"232","1257185111","Mil Fuel Check","Phoenix Flight Software","在线","4.99","效率","2023-07-08 22:13:02"
"233","1227452354","Wappingers CSD","Wappingers Central School District","在线","0.00","教育","2023-07-08 03:08:31"
"234","1208164146","AgentCubed","AgentCubed LLC","在线","0.00","商务","2023-07-08 02:12:29"
"235","1281073277","American National University","AMERICAN NATIONAL UNIVERSITY, INC.","在线","0.00","教育","2023-07-08 15:36:25"
"236","1282895955","窩福管家 - 管理中心","Wuwei Intelligence Ltd.","在线","0.00","生活","2023-07-08 22:15:06"
"237","1148844897","ProfileCorrect","ProfileCorrect LLC","下架","0.00","生活","2023-07-08 02:08:19"
"238","1234160250","Art of Living: Meditation,Yoga","Sri Sri Publications Trust","在线","0.00","健康健美","2023-07-08 02:14:20"
"239","1286783354","Yarmouth School Department","Yarmouth School","在线","0.00","教育","2023-07-08 00:31:49"
"240","1310863435","UIL State","Texas University Interscholastic League","在线","0.00","商务","2023-07-08 03:11:04"
"241","1210116232","Little Steps Baby Development","DriftTech","在线","0.00","教育","2023-07-08 00:13:19"
"242","1318276013","IES Abroad","INSTITUTE FOR THE INTERNATIONAL EDUCATION OF STUDENTS","在线","0.00","商务","2023-07-08 02:16:07"
"243","1317801488","Fanata","Brainful","下架","0.00","图书","2023-07-08 15:33:01"
"244","1331644365","CrusaderSterling Pension","Glosskode Technology Solutions","下架","0.00","商务","2023-07-08 20:30:51"
"245","1342147112","SafeOTrack Realtime GPS Track","Prateek Jain","在线","0.00","旅游","2023-07-08 02:16:43"
"246","1310616283","+Docente","AIX Sistemas Ltda","在线","0.00","教育","2023-07-08 05:06:22"
"247","1272099066","Flight Log - Army","Phoenix Flight Software","在线","4.99","工具","2023-07-08 22:14:05"
"248","1277665479","Ticketmatic","Ticketmatic","在线","0.00","娱乐","2023-07-08 20:31:32"
"249","1364921140","（職員用）コドモンポケット2","CODMON, INC.","在线","0.00","工具","2023-07-08 22:24:10"
"250","1355410734","Cerakote Calculator","ASMA Enterprises, LLC","在线","9.99","效率","2023-07-08 00:26:45"
"251","1370782751","Bquadro Clabo App","Astidental di Sabbione spa","在线","0.00","效率","2023-07-08 00:26:48"
"252","1376846304","OETR App","Gustavo Faskowicz","在线","0.00","效率","2023-07-08 02:19:22"
"253","1376106684","MusicaOmega","Rongna Jiang","在线","0.00","音乐","2023-07-08 22:25:07"
"254","1239750650","窩福社區 - 住戶專用","Wuwei Intelligence Ltd.","在线","0.00","生活","2023-07-08 22:12:07"
"255","1380970437","SIBU Online","Optisoft Latinoamerica SA","在线","0.00","工具","2023-07-08 06:08:04"
"256","1384358953","Quran Hafiz","Ramy Eldesoky","在线","0.00","图书","2023-07-08 02:21:54"
"257","1389700653","Palengke Boy","Francis Adan","在线","0.00","购物","2023-07-08 10:32:07"
"258","1387294873","MYPALANPURI RIYAZUL QURAN 07LN","Mohamed Ahmed","在线","0.00","图书","2023-07-08 20:34:47"
"259","1390354385","Cards - Store Bank Cards","Hugo Prinsloo","下架","2.99","工具","2023-07-08 03:15:05"
"260","1369304846","Felipe y Vagoneta","Nicolas Kuhnert","在线","0.00","娱乐","2023-07-08 05:08:53"
"261","1415559348","Next Tube","Malumbo Chipeta","在线","0.00","旅游","2023-07-08 02:19:16"
"262","1417767068","World Martial Arts Center","World Martial Arts Center","在线","0.00","健康健美","2023-07-08 03:15:51"
"263","1418678970","UT Southern","Martin Methodist College","在线","0.00","教育","2023-07-08 00:28:16"
"264","1434671405","Best Maids","Best Maids","在线","0.00","生活","2023-07-08 22:28:15"
"265","1435594334","X-LAND","Ersoy Balkis","下架","0.00","动作","2023-07-08 22:24:10"
"266","1435769849","619","Ersoy Balkis","下架","0.00","桌面","2023-07-08 20:36:00"
"267","1435603502","Michelin Event App","Michelin North America","在线","0.00","商务","2023-07-08 00:33:27"
"268","1408145104","Lyric Party Game","Platform4APurpose","在线","0.99","游戏","2023-07-08 05:11:27"
"269","1439465468","ASCAP","Optisoft Latinoamerica SA","在线","0.00","工具","2023-07-08 06:08:19"
"270","1439331628","Grub Hut BBQ","Trey-Sky, LLC","在线","0.00","美食佳饮","2023-07-08 04:20:24"
"271","1440292237","MYPALANPURI RIYAZUL QURAN 15LN","Mohamed Ahmed","在线","0.00","图书","2023-07-08 20:38:24"
"272","1437748347","Investing Direct","Mark Harnell","下架","0.00","财务","2023-07-08 02:21:50"
"273","1441668955","ASEPSA App","Optisoft Latinoamerica SA","在线","0.00","工具","2023-07-08 06:10:07"
"274","1445644211","Canaday Group","Lee Ann Canaday","在线","0.00","生活","2023-07-08 02:22:00"
"275","1401958790","Baitportal","Baitportal","在线","0.00","旅游","2023-07-08 03:17:05"
"276","1446033352","MyTaskPRO","iMergint","下架","0.00","商务","2023-07-08 01:13:13"
"277","1413597365","Union Experience","onCloud Technologies","在线","0.00","生活","2023-07-08 14:04:36"
"278","1448473862","Sun Tzu's Art of War","Emmanuel Rey Mariano","在线","0.00","图书","2023-07-08 12:03:25"
"279","1437410742","AvatarMe","CGC Holding","在线","0.00","摄影与录像","2023-07-08 00:30:11"
"280","1448233376","A-CHAMPS ROXPro","A-Champs","在线","0.00","体育","2023-07-08 15:40:11"
"281","1450373493","Busha: Trade BTC, ETH, SHIB","Busha Digital","在线","0.00","财务","2023-07-08 03:17:32"
"282","1451691594","UnliPinas","Emmanuel Rey Mariano","在线","0.00","效率","2023-07-08 10:36:05"
"283","1453544781","Biologischer Code","Mathaus Martin","在线","0.00","教育","2023-07-08 04:21:07"
"284","1451419788","CHC North America","Mohammed Billoo","在线","0.00","效率","2023-07-08 03:17:12"
"285","1453830595","RestoreUnited","Restore United","在线","0.00","商务","2023-07-08 02:21:40"
"286","1368776271","d-Nav","Hygieia, Inc.","在线","0.00","医疗","2023-07-08 05:08:04"
"287","1456942053","EUG 2021","E-AUTOMATE USERS GROUP, INC.","在线","0.00","效率","2023-07-08 00:43:14"
"288","1458237158","CIOCard Mobil","cio kurumsal cozumler sanayi ve ticaret anonim sirketi","在线","0.00","财务","2023-07-08 00:37:10"
"289","1458899127","Dolphin Count","Lowcountry Marine Mammal Network","在线","0.00","教育","2023-07-08 02:22:08"
"290","1459048902","Retro Ball!","Ersoy Balkis","下架","0.00","休闲","2023-07-08 20:39:08"
"291","1453471113","APRPP","Yotech Tecnologia","在线","0.00","工具","2023-07-08 22:33:29"
"292","1455223304","Motek Shopping","Sivan Puterman","下架","0.00","效率","2023-07-08 00:38:23"
"293","1459178973","ASECLIBI","Optisoft Latinoamerica SA","在线","0.00","工具","2023-07-08 06:10:48"
"294","1459401920","ASOPINMSA","Optisoft Latinoamerica SA","下架","0.00","工具","2023-07-08 06:10:20"
"295","1462985282","Adam Parents","Fong Mak","在线","0.00","教育","2023-07-08 10:38:09"
"296","1463377044","TEM","Telia Express Money","在线","0.00","财务","2023-07-08 22:33:16"
"297","1463628933","OM Studio Central","STILLNESS POWER INC","在线","0.00","健康健美","2023-07-08 03:18:57"
"298","1462020376","SalonHQ","Barber Directory, Inc.","下架","0.00","商务","2023-07-08 06:12:39"
"299","1463528276","HLB Connect Vietnam","HONG LEONG BANK VIETNAM LIMITED","在线","0.00","财务","2023-07-08 01:14:05"
"300","1466799487","GeminID Virtual Interpreter","CGC Holding","在线","0.00","工具","2023-07-08 00:40:40"
"301","1470829114","URL String Reader","akikan LLC","在线","0.00","工具","2023-07-08 10:39:25"
"302","1469945909","Vahpt","Rafael Alves Rodrigues","在线","0.00","生活","2023-07-08 00:39:31"
"303","1472165036","Car Stunt Racing Games 3D","syed haroon ghazanfar","在线","0.00","角色扮演","2023-07-08 03:47:07"
"304","1472062569","CheSScan","Alok Nagdev","在线","0.00","工具","2023-07-08 20:41:05"
"305","1465865810","Cute calc with discount calc","Hinocon Valley Inc.","在线","0.00","工具","2023-07-08 17:38:58"
"306","1477110743","Renton Responds","City of Renton","在线","0.00","工具","2023-07-08 02:24:30"
"307","1479898978","A Rádio da Massa","Rafael Alves Rodrigues","在线","0.00","音乐","2023-07-08 00:47:20"
"308","1478199679","Adam Teacher","Fong Mak","在线","0.00","教育","2023-07-08 10:38:48"
"309","1482723418","ThisOrThat: Anonymous Polls","Connor Van Ooyen","在线","0.00","社交","2023-07-08 10:39:32"
"310","1484140026","OnCallX","John M Abrahams","在线","0.00","医疗","2023-07-08 20:44:22"
"311","1488827538","Visit Renton","City of Renton","在线","0.00","旅游","2023-07-08 02:26:04"
"312","1490753219","26 Surtein","Mohamed Ahmed","在线","0.00","图书","2023-07-08 20:45:25"
"313","1489948699","MedCarro Parceiro","Rafael Alves Rodrigues","下架","0.00","工具","2023-07-08 00:51:58"
"314","1491980604","El Guero Canelo","El Guero Kitchen","在线","0.00","美食佳饮","2023-07-08 04:24:05"
"315","1489716315","コドモンホワイト","CODMON, INC.","在线","0.00","教育","2023-07-08 20:44:08"
"316","1479442710","AranLock","Arantecnovation","下架","0.00","商务","2023-07-08 14:10:21"
"317","1493266125","GoalGettr Todo","Mathaus Martin","在线","0.00","效率","2023-07-08 04:25:35"
"318","1493908765","HelpDesk 3","Jerome Kaegi","在线","0.00","商务","2023-07-08 19:07:17"
"319","1494381903","Igreja de Itaquera","IGREJA EVANGELICA DE ITAQUERA","在线","0.00","生活","2023-07-08 03:26:15"
"320","1494622544","Automation My Bnb","Viet Duc Le","下架","0.00","商务","2023-07-08 19:07:17"
"321","1496818589","Cornerstone Benefits","Cornerstone Chemical Company","下架","0.00","教育","2023-07-08 00:48:15"
"322","1497492428","Revolt Track","Prateek Jain","在线","0.00","导航","2023-07-08 02:26:22"
"323","1498668771","Plaza Produce","Plaza Produce Inc","在线","0.00","美食佳饮","2023-07-08 08:21:54"
"324","1497129854","シンプル歩数計","Takumi Shimamura","下架","0.00","健康健美","2023-07-08 20:43:59"
"325","1503332410","3v3 Live Soccer Tour","Pinnacle Sports LLC","在线","0.00","体育","2023-07-08 04:25:07"
"326","1473425508","in10m Pro","Jamal Alajmi","下架","0.00","商务","2023-07-08 03:20:02"
"327","1473431432","in10m","Jamal Alajmi","在线","0.00","商务","2023-07-08 03:19:04"
"328","1505146545","idiots in cars","Han Kim","下架","0.00","游戏","2023-07-08 08:18:44"
"329","1278608495","Wordage","Iffy Studio","在线","0.00","家庭聚会","2023-07-08 02:14:30"
"330","1507924991","Modern Fit: Lifelong Success","Modern Fit","在线","0.00","健康健美","2023-07-08 02:27:05"
"331","1507048890","iRocket","ASSET AND CAPITAL ADVISORS SL","下架","0.00","财务","2023-07-08 04:25:29"
"332","1509713556","Zimmatic Maintenance","Lindsay","在线","0.00","商务","2023-07-08 06:16:17"
"333","1512010760","Eagle Bend Apostolic Church","Eagle Bend Apostolic Church","在线","0.00","教育","2023-07-08 01:09:46"
"334","1512419234","Dictionnaire Arabe Tunisien","SMARTPOSITIVE","在线","0.00","教育","2023-07-08 19:10:15"
"335","1508947470","My Progress News","David Staab","下架","0.00","商务","2023-07-08 20:45:28"
"336","1509682854","ICFiles Express","Service2client LLC","在线","0.00","商务","2023-07-08 02:27:59"
"337","1470279780","Ski Spree","Sam Wessley","下架","0.00","休闲","2023-07-08 10:38:48"
"338","1498637792","UEMG","AIX Sistemas Ltda","下架","0.00","教育","2023-07-08 04:26:02"
"339","1515996756","Poder Judicial Qro.","Poder Judicial Del Estado De Queretaro","在线","0.00","工具","2023-07-08 02:28:32"
"340","1516570830","Tabby the Copycat","Roasting Apps LLC","在线","0.00","工具","2023-07-08 04:26:09"
"341","1517780415","Spring Place Members","Varick SP, LLC","在线","0.00","商务","2023-07-08 02:30:03"
"342","1519034688","Công Báo Vĩnh Long","LIINK SOFTWARE AND INFORMATION TECHNOLOGY SERVICES LIMITED LIABILITY COMPANY","在线","0.00","新闻","2023-07-08 20:50:29"
"343","1511905402","noXt Plus","Contera Lda","在线","0.00","商务","2023-07-08 00:52:54"
"344","1521185929","Kbinet","LIINK SOFTWARE AND INFORMATION TECHNOLOGY SERVICES LIMITED LIABILITY COMPANY","在线","0.00","商务","2023-07-08 20:46:55"
"345","1522343480","Psychologischer Code","Mathaus Martin","在线","0.00","教育","2023-07-08 04:26:23"
"346","1522367936","Votaciones SIBU","Optisoft Latinoamerica SA","在线","0.00","工具","2023-07-08 06:20:14"
"347","1523578319","SIBU Token","Optisoft Latinoamerica SA","在线","0.00","财务","2023-07-08 06:16:18"
"348","1522919508","CUP FCU Mobile","CUP Federal Credit Union","在线","0.00","财务","2023-07-08 06:16:34"
"349","1498630815","BevHQ","Barber Directory, Inc.","在线","0.00","商务","2023-07-08 06:16:09"
"350","1525793897","GESTIONE+","Optisoft Latinoamerica SA","在线","0.00","效率","2023-07-08 06:18:02"
"351","1526328296","Durango Public Library Catalog","City of Durango (Durango Public Library)","在线","0.00","生活","2023-07-08 01:02:08"
"352","1526127211","RA Netbil","Netbil Educacional","在线","0.00","教育","2023-07-08 03:23:55"
"353","1526945339","飛べ!ボール!!","Takumi Shimamura","在线","0.00","休闲","2023-07-08 20:48:06"
"354","1528212617","The Winner : Shop and Reward","saeed alshamsi","下架","0.00","购物","2023-07-08 01:04:36"
"355","1529223043","RGB color matching game - COLO","akikan LLC","在线","0.00","益智解谜","2023-07-08 10:45:46"
"356","1518619206","LIFE Intelligence: Manage LIFE","CapsuleCurriculum, LLC","在线","0.00","健康健美","2023-07-08 22:44:55"
"357","1517211480","Savvy","Zennite COMPANY LIMITED","在线","0.00","财务","2023-07-08 02:28:12"
"358","1534427708","Arabian Majlis","Aqueel Aboobacker V","下架","0.00","购物","2023-07-08 17:53:40"
"359","1536292616","Picardo","Aqueel Aboobacker V","下架","0.00","购物","2023-07-08 17:49:52"
"360","1530988614","skillmaster","Mathaus Martin","在线","0.00","教育","2023-07-08 04:27:27"
"361","1536941495","White Plus","Aqueel Aboobacker V","下架","0.00","购物","2023-07-08 17:52:30"
"362","1507365399","The Practice","The Practice","在线","0.00","健康健美","2023-07-08 15:50:50"
"363","1539406287","Ultraspeed Rio","Haroldo Tadeu de Oliveira Junior","在线","0.00","财务","2023-07-08 22:46:54"
"364","1540067017","Black Baton","Aqueel Aboobacker V","下架","0.00","购物","2023-07-08 17:52:30"
"365","1441285685","Bquadro Climp App","Astidental di Sabbione spa","在线","0.00","效率","2023-07-08 00:31:16"
"366","1540171805","Rquest.it","pierre prevalon","下架","0.00","效率","2023-07-08 14:21:10"
"367","1541303872","Kodugen's Hypermart","Aqueel Aboobacker V","下架","0.00","购物","2023-07-08 17:50:46"
"368","1540735849","ANU Global","AMERICAN NATIONAL UNIVERSITY, INC.","在线","0.00","教育","2023-07-08 15:59:52"
"369","1513732575","Apparta","Gonzalo Forero","在线","0.00","美食佳饮","2023-07-08 07:21:06"
"370","1534423628","SecurityTime","Kilabite Tech Ltd.","在线","0.00","效率","2023-07-08 02:30:46"
"371","1532447516","YouVot","KMobile","在线","0.00","社交","2023-07-08 02:31:57"
"372","1539272542","Woodbine Hotels","Aqueel Aboobacker V","下架","0.00","购物","2023-07-08 17:51:06"
"373","1535887811","VTS Mall","Aqueel Aboobacker V","下架","0.00","购物","2023-07-08 17:50:16"
"374","1495745472","ALOOO – my best travel friend","travelai.io","在线","0.00","旅游","2023-07-08 14:14:08"
"375","1529272123","Smart SETU","Smart Laboratories","在线","0.00","商务","2023-07-08 22:45:58"
"376","1544839260","ULTRASPEED SUL RJ","Haroldo Tadeu de Oliveira Junior","在线","0.00","财务","2023-07-08 22:50:03"
"377","1543389043","PTHero 兼職達人","PT Tech Limited","在线","0.00","商务","2023-07-08 12:26:37"
"378","1530593194","Pics. - Photo & Collage Editor","Jeyapalan Bavitharan","在线","0.00","摄影与录像","2023-07-08 02:32:41"
"379","1546981683","Skytraxgts","Nigel Osei","在线","0.00","导航","2023-07-08 02:34:04"
"380","1541264490","対面そっくり診断","akikan LLC","在线","0.00","娱乐","2023-07-08 10:49:26"
"381","1486702574","Cloud9 Merchant","onCloud Technologies","在线","0.00","商务","2023-07-08 14:15:15"
"382","1506013591","Atomaday Video Shopping","Atom Internet Private Limited","在线","0.00","购物","2023-07-08 17:45:03"
"383","1548021882","Harman Motors","Aqueel Aboobacker V","在线","0.00","购物","2023-07-08 16:11:19"
"384","1549359291","JKYog Quotes","JKYog","在线","0.00","生活","2023-07-08 17:53:00"
"385","1549713660","Escape from the Closed Circle","Hayato Sato","在线","0.00","冒险","2023-07-08 22:52:28"
"386","1542696684","MarkMe Safe","MarkMe Safe LLC","在线","0.00","商务","2023-07-08 02:32:01"
"387","1549421502","Better TDeck","Damien Erambert","下架","0.00","社交","2023-07-08 16:02:02"
"388","1548589082","MyVoice - Self-Rating Log","Peter Popolo","在线","0.00","健康健美","2023-07-08 04:28:50"
"389","1550645956","TilePro Community","soilmax","下架","0.00","生活","2023-07-08 04:32:12"
"390","1552540475","Lamzani","Aqueel Aboobacker V","在线","0.00","购物","2023-07-08 18:00:49"
"391","1552584429","Ball Stage Rolling","Takumi Shimamura","在线","0.00","动作","2023-07-08 20:56:30"
"392","1546254718","DateNight App","Immersia Ltd","在线","0.00","社交","2023-07-08 17:56:14"
"393","1554880690","Pizza Avro","Avraz Ibrahim","在线","0.00","美食佳饮","2023-07-08 20:15:39"
"394","1554362173","MyVoiceLog","Peter Popolo","在线","0.00","生活","2023-07-08 04:33:47"
"395","1555572323","NC Conference of The UMC","The North Carolina Conference, Southeastern Jurisdiction, of The United Methodist Church, Inc.","在线","0.00","教育","2023-07-08 06:20:14"
"396","1554063786","Soba Info Fin","SOBA INFOSEC PRIVATE LIMITED","在线","0.00","财务","2023-07-08 16:04:39"
"397","1556630733","Kallingal Cars","Aqueel Aboobacker V","在线","0.00","购物","2023-07-08 17:53:27"
"398","1555871649","SWA","SW Accountancy","在线","0.00","财务","2023-07-08 01:14:24"
"399","1525305877","Brasília Educacional","AIX Sistemas Ltda","在线","0.00","教育","2023-07-08 04:32:38"
"400","1005176981","ExtraClasse","AIX Sistemas Ltda","在线","0.00","教育","2023-07-08 04:53:28"
"401","1552567370","Cash Guard","Le'Andre Nash","在线","0.00","效率","2023-07-08 14:26:05"
"402","1559648286","Carbin","Carbin AI Inc.","下架","0.00","教育","2023-07-08 16:03:21"
"403","1558049961","AloJose24","AloJose24","在线","0.00","医疗","2023-07-08 02:33:47"
"404","1505464315","Flow-X","soilmax","在线","0.00","工具","2023-07-08 04:26:13"
"405","1559084132","Know Me.","Know Me Incorporated","在线","0.00","商务","2023-07-08 08:26:34"
"406","1559336086","Daily Animation Recorder","akikan LLC","在线","0.00","生活","2023-07-08 10:50:24"
"407","1492643953","Scratchpay Plans","Scratch Financial","在线","0.00","财务","2023-07-08 15:48:46"
"408","1543781045","Naboo App","raed taha","在线","0.00","生活","2023-07-08 01:14:12"
"409","1560395329","Michelin FIXPIX Plus","Michelin North America","在线","0.00","商务","2023-07-08 01:11:35"
"410","1562857887","Clube Contera","Contera Lda","在线","0.00","工具","2023-07-08 01:11:12"
"411","1561042993","CountyBankDel","CountyBankDelaware","在线","0.00","财务","2023-07-08 02:34:00"
"412","1561043108","CountyBankBusiness","CountyBankDelaware","在线","0.00","财务","2023-07-08 02:34:18"
"413","1564701599","Kanji","jie lin","在线","0.00","美食佳饮","2023-07-08 20:54:23"
"414","1566077473","Majorstuen Sushi AS","Majorstuen Sushi AS","在线","0.00","美食佳饮","2023-07-08 20:57:13"
"415","1562635835","TVET E-Learning","Ministry of Labour and Vocational Training","在线","0.00","教育","2023-07-08 12:25:02"
"416","1566072571","PSE Watchlist","Emmanuel Rey Mariano","在线","0.00","财务","2023-07-08 10:52:15"
"417","1566776069","Retro Mobiles","Aqueel Aboobacker V","在线","0.00","购物","2023-07-08 17:59:13"
"418","1567347396","US Consti","Emmanuel Rey Mariano","在线","0.00","教育","2023-07-08 10:52:42"
"419","1567248433","NutriApp - Nutricion de reyes","Nutrición de reyes","在线","0.00","健康健美","2023-07-08 05:25:05"
"420","1558443172","Cyber Threat Sensor","NTT Security (Sweden) AB","在线","0.00","工具","2023-07-08 03:28:22"
"421","1550725506","Itolon","Bakary Diallo","在线","0.00","音乐","2023-07-08 16:08:52"
"422","1567950385","NPDA","Niagara Peninsula Dental Association","在线","0.00","商务","2023-07-08 01:14:13"
"423","1565744444","BITSU REDEEM","Optisoft Latinoamerica SA","在线","0.00","购物","2023-07-08 06:20:44"
"424","1566790970","Kora Masr","ADMINS EGYPT FOR SOFTWARE","在线","0.00","体育","2023-07-08 22:54:07"
"425","1570406937","Amputation - was nun?","Routine Health GmbH","在线","0.00","医疗","2023-07-08 01:14:55"
"426","1570748982","FXPal","Emmanuel Rey Mariano","在线","0.00","财务","2023-07-08 11:05:09"
"427","1570336126","Ray’z","Ray\'z Inc","在线","0.00","生活","2023-07-08 09:32:59"
"428","1570346948","Total Voice","STL Communications, Inc.","在线","0.00","商务","2023-07-08 01:12:05"
"429","1570595563","WCAG Shades","Roasting Apps LLC","在线","0.00","图形和设计","2023-07-08 04:33:58"
"430","1569713666","Boxie Admin","Boxie Inc.","在线","0.00","商务","2023-07-08 05:23:59"
"431","1570761002","EIGHTY EIGHT STUDIOS","Eighty Eight Studios LLC","在线","0.00","健康健美","2023-07-08 10:54:04"
"432","1539473974","Cultuurtickets Mechelen","Ticketmatic","在线","0.00","娱乐","2023-07-08 20:54:16"
"433","1571474054","CITY FOOD Mali","SMARTMEDIA SARL","在线","0.00","美食佳饮","2023-07-08 01:13:22"
"434","1570954971","Anpha Petrol Retail","An Pha Petroleum JSC","在线","0.00","购物","2023-07-08 18:11:13"
"435","1573431319","Highland County Public Schools","Highland County Public Schools","在线","0.00","教育","2023-07-08 01:16:30"
"436","1567373917","Mcare - Mobile Ka Doctor","RD MOBILES SOLUTIONS PRIVATE LIMITED","在线","0.00","生活","2023-07-08 17:55:14"
"437","1567391046","RD Accessories","RD MOBILES SOLUTIONS PRIVATE LIMITED","在线","0.00","购物","2023-07-08 17:56:07"
"438","1573169117","Tessco Partners","RD MOBILES SOLUTIONS PRIVATE LIMITED","在线","0.00","生活","2023-07-08 17:58:16"
"439","1573158154","Target Mobiles","RD MOBILES SOLUTIONS PRIVATE LIMITED","在线","0.00","生活","2023-07-08 17:56:24"
"440","1573168524","RD LCD","RD MOBILES SOLUTIONS PRIVATE LIMITED","在线","0.00","生活","2023-07-08 17:57:55"
"441","1573222648","Resto CITY FOOD","SMARTMEDIA SARL","在线","0.00","美食佳饮","2023-07-08 01:14:24"
"442","1570124093","Drive Moore","Darnell Moore","在线","0.00","商务","2023-07-08 16:08:40"
"443","1566934337","CFR Culture","Adrian Huaman","在线","0.00","效率","2023-07-08 01:16:50"
"444","1567276627","condomobile","ConnectUp Hub","在线","0.00","工具","2023-07-08 16:08:03"
"445","1573998014","Touchless Browser","akikan LLC","在线","0.00","工具","2023-07-08 10:54:41"
"446","1564447016","Stratford Studios","Asper Stratford Village Ltd","在线","0.00","生活","2023-07-08 01:16:47"
"447","1572322840","UPEE REDEEM","Optisoft Latinoamerica SA","在线","0.00","效率","2023-07-08 06:23:03"
"448","1577359005","Dayladau Partner","Viet Duc Le","在线","0.00","工具","2023-07-08 19:22:51"
"449","1566281154","Inclusivity","Roasting Apps LLC","在线","0.00","软件开发工具","2023-07-08 04:33:55"
"450","1567045252","MyMatch Play Your Game","MyMatch","在线","0.00","体育","2023-07-08 02:34:15"
"451","1581407081","Grand slam tennis academy","ADMINS EGYPT FOR SOFTWARE","在线","0.00","体育","2023-07-08 23:02:20"
"452","1575360749","KTAM Smart Trade (Mutual Fund)","KRUNGTHAI ASSET MANAGEMENT PUBLIC COMPANY LIMITED","在线","0.00","财务","2023-07-08 23:22:35"
"453","1583016049","Broovs Wallet","Raysoft Yazılım","在线","0.00","财务","2023-07-08 01:22:32"
"454","1552836205","SavvyGold","Zennite COMPANY LIMITED","在线","0.00","财务","2023-07-08 02:35:11"
"455","1584994525","UPEE","Optisoft Latinoamerica SA","在线","0.00","工具","2023-07-08 06:23:12"
"456","1583616061","Vyva Saude","Rafael Alves Rodrigues","在线","0.00","健康健美","2023-07-08 01:16:04"
"457","1583726608","ETM Boxing","Juan Carlos Sanchez","在线","0.00","健康健美","2023-07-08 05:26:19"
"458","1586713383","SIBU Toma Física Inventarios","Optisoft Latinoamerica SA","在线","0.00","工具","2023-07-08 06:27:55"
"459","1569778643","Toniic Connect","Toniic Institute","在线","0.00","社交","2023-07-08 01:14:51"
"460","1587334243","Pharaohs Sport Academy","ADMINS EGYPT FOR SOFTWARE","在线","0.00","体育","2023-07-08 22:59:15"
"461","1587689510","Bayern Academy","ADMINS EGYPT FOR SOFTWARE","在线","0.00","体育","2023-07-08 23:09:14"
"462","1572786898","ClubMAGO","AutoAzure","在线","0.00","购物","2023-07-08 22:57:09"
"463","1571357704","Cityscope","Analog Infotainment Private Limited","在线","0.00","旅游","2023-07-08 01:14:02"
"464","1593538352","Star Trailz","Phillip Donnelly","在线","0.00","动作","2023-07-08 11:11:03"
"465","1593010017","Expedición Música argentina","Nicolas Kuhnert","在线","0.00","益智解谜","2023-07-08 04:35:02"
"466","1592884370","DiVino.Taste","Gourmet EOOD","在线","0.00","美食佳饮","2023-07-08 17:59:42"
"467","1595547092","Perfect sporting academy","ADMINS EGYPT FOR SOFTWARE","在线","0.00","体育","2023-07-08 23:15:19"
"468","1558428971","Ying Ker Lou","onCloud Technologies","在线","0.00","生活","2023-07-08 14:30:58"
"469","1596261647","JC Shawarbica","Aqueel Aboobacker V","在线","0.00","购物","2023-07-08 16:24:09"
"470","1595993448","辛巴手机通","四川辛巴远扬科技有限公司","在线","0.00","财务","2023-07-08 14:37:01"
"471","1597931884","Swimmers","ADMINS EGYPT FOR SOFTWARE","在线","0.00","体育","2023-07-08 23:04:46"
"472","1596663057","Breeze clinics","ADMINS EGYPT FOR SOFTWARE","在线","0.00","生活","2023-07-08 23:03:41"
"473","1597894666","Tuo Mobility","Efactor srl","在线","0.00","旅游","2023-07-08 23:04:49"
"474","1585927659","Yakiniku YUI","onCloud Technologies","在线","0.00","生活","2023-07-08 14:32:57"
"475","1600720375","AlDalal","ADMINS EGYPT FOR SOFTWARE","在线","0.00","生活","2023-07-08 23:01:02"
"476","1601621441","Inaligarh","sanjay kumar","在线","0.00","商务","2023-07-08 14:38:09"
"477","1599957119","Gym-Free Fitness","Troy Hurst","下架","0.00","健康健美","2023-07-08 02:38:04"
"478","1602069452","Al-Elizeh","ADMINS EGYPT FOR SOFTWARE","在线","0.00","健康健美","2023-07-08 23:03:47"
"479","1598164345","Save Toasty!","Robert Vasconi","在线","0.00","动作","2023-07-08 16:14:02"
"480","1603095871","Colégio Evangélico de Itaquera","IGREJA EVANGELICA DE ITAQUERA","在线","0.00","生活","2023-07-08 03:32:26"
"481","1517179104","nSmarTrac","nSmart LLC","在线","0.00","商务","2023-07-08 01:10:10"
"482","1601598156","twest app","savedroid FL GmbH","在线","0.00","财务","2023-07-08 21:08:38"
"483","1607954895","Necomi","akikan LLC","在线","0.00","健康健美","2023-07-08 11:02:53"
"484","1610082741","Slide Whistle Party","akikan LLC","在线","0.00","音乐","2023-07-08 11:01:23"
"485","1609418366","Save card","ADMINS EGYPT FOR SOFTWARE","在线","0.00","购物","2023-07-08 23:10:03"
"486","1610288071","千夜官女記　脱出ノベルADV","Hayato Sato","在线","0.00","冒险","2023-07-08 23:06:13"
"487","1606764981","MeetLife","UNIVERS 5.0","在线","0.00","社交","2023-07-08 02:37:30"
"488","1603623145","Nomad.net","Mathaus Martin","在线","0.00","社交","2023-07-08 04:35:16"
"489","1613013083","Find My Emoji","Anand Raj R","在线","0.99","教育","2023-07-08 23:07:02"
"490","1607898600","Concertgebouw Brugge","Ticketmatic","在线","0.00","娱乐","2023-07-08 21:07:37"
"491","1610084069","ProMedik","ProMedik Network","在线","0.00","医疗","2023-07-08 23:05:47"
"492","1573959784","Words and Wisdom","DementiAbility Enterprises Incorporated","在线","21.99","娱乐","2023-07-08 03:29:04"
"493","1613925741","Om Jewellers","Om Jewellers","在线","0.00","购物","2023-07-08 19:31:54"
"494","1567470393","CIPRA.ai","Jared Leitner","在线","0.00","医疗","2023-07-08 06:21:46"
"495","1616563868","Another day alert","ADMINS EGYPT FOR SOFTWARE","下架","0.00","工具","2023-07-08 23:07:11"
"496","1616553620","The WJIC Network","WJIC Media Ministries","在线","0.00","音乐","2023-07-08 01:26:11"
"497","1619676542","سمعنا صوتك للتخاطب","ADMINS EGYPT FOR SOFTWARE","在线","0.00","健康健美","2023-07-08 23:08:19"
"498","1619801469","TRIPKAR BENEFÍCIOS","TripKar Clube de Benefícios","在线","0.00","购物","2023-07-08 02:38:34"
"499","1608126761","コドモングリーン","CODMON, INC.","在线","0.00","教育","2023-07-08 21:07:37"
"500","1620685501","Santos Academy","ADMINS EGYPT FOR SOFTWARE","在线","0.00","体育","2023-07-08 23:19:13"
"501","1621104118","Founders-ma","TAOUFIK ABOUDIA","在线","0.00","社交","2023-07-08 01:23:54"
"502","1621266574","Double Dot Squash Academy","ADMINS EGYPT FOR SOFTWARE","在线","0.00","体育","2023-07-08 23:08:26"
"503","1622456212","Cartão Anjo","CARTAO ANJO ADMINISTRADORA DE CARTOES LTDA","在线","0.00","健康健美","2023-07-08 01:25:54"
"504","1622563428","Barbara Fabbroni Official","Barbara Fabbroni","在线","0.00","生活","2023-07-08 01:26:25"
"505","1593706196","Tridiar","Dorjan Vulaj","在线","0.00","摄影与录像","2023-07-08 01:17:26"
"506","1624505119","Fire, Water, Wind","Troy Hurst","下架","0.00","休闲","2023-07-08 02:38:04"
"507","1624905387","Dolvinus Academy","ADMINS EGYPT FOR SOFTWARE","在线","0.00","体育","2023-07-08 23:10:03"
"508","1621698741","Muaawana","Mohammed Al Rashdi","在线","0.00","商务","2023-07-08 21:09:52"
"509","1626065422","Simple BucketList","Gyumyung Noh","在线","0.00","生活","2023-07-08 18:07:16"
"510","1626211350","卡服邦司机移动端","kfb","在线","0.00","生活","2023-07-08 21:16:36"
"511","1627014349","Bio Runner W12","Danubia Lima panato","在线","0.00","健康健美","2023-07-08 01:26:04"
"512","1627066495","iQuilibre","RINPOCHE GROUP EDITORA LTDA","在线","0.00","健康健美","2023-07-08 02:38:29"
"513","1627346869","Jaclyn Sue Boutique","Jaclyn Sue Boutique, LLC","在线","0.00","购物","2023-07-08 23:10:48"
"514","1627180054","Functionised","Dr Michael Brandon LLC","在线","0.00","健康健美","2023-07-08 16:25:05"
"515","1627200979","Zahrat Almodhesh Supermarkets","Zahrah Al-mudhish for Trading Company","在线","0.00","购物","2023-07-08 16:20:37"
"516","1627895131","CoffeeClear","yousef S Jalili","在线","0.00","休闲","2023-07-08 18:10:50"
"517","1619639346","SideMatch","yousef S Jalili","在线","0.00","休闲","2023-07-08 19:34:53"
"518","1615297387","Theater De Schalm","Ticketmatic","在线","0.00","娱乐","2023-07-08 21:14:11"
"519","1626920496","Pelada.app","Pelada App Ltda.","在线","0.00","体育","2023-07-08 01:26:04"
"520","1628543569","CIOPetrol","cio kurumsal cozumler sanayi ve ticaret anonim sirketi","在线","0.00","商务","2023-07-08 01:29:07"
"521","1614306699","RapFarma Delivery de Drogarias","Rapfarma Aplicativo de Delivery Ltda","在线","0.00","购物","2023-07-08 19:26:47"
"522","1626238875","Dedham House of Pizza","Achaias Food Service Inc","在线","0.00","美食佳饮","2023-07-08 11:09:02"
"523","1624163992","RapLoja Ferramenta do Parceiro","Rapfarma Aplicativo de Delivery Ltda","在线","0.00","效率","2023-07-08 19:29:13"
"524","1629895030","The Recovery Room","Indiana Recovery Facilities LL","在线","0.00","健康健美","2023-07-08 02:39:44"
"525","1624157134","RapEntrega Entregador","Rapfarma Aplicativo de Delivery Ltda","在线","0.00","商务","2023-07-08 19:29:13"
"526","1630536715","Begory academy","ADMINS EGYPT FOR SOFTWARE","在线","0.00","体育","2023-07-08 23:14:03"
"527","1629471619","Greenlight Personal Training","Greenlight PT Franchise System, LLC","在线","0.00","健康健美","2023-07-08 01:27:51"
"528","1629033225","PGMontfoort","Protestantse gemeente te Montfoort","在线","0.00","生活","2023-07-08 01:34:02"
"529","1621758487","Oops! Easy returns from home","Oops Technologies, Inc.","在线","0.00","购物","2023-07-08 02:41:33"
"530","1631196636","Trip Canoa","Alexandre Moreira Silva","在线","0.00","健康健美","2023-07-08 03:35:31"
"531","1631007058","Avon Cleaners","Avon Cleaners","在线","0.00","生活","2023-07-08 02:38:39"
"532","1631739910","Wisconsin Sports Trivia","Troy Hurst","下架","0.00","体育","2023-07-08 02:38:42"
"533","1626790321","WhiteHaven AM","Whitehaven Asset Management Inc.","在线","0.00","财务","2023-07-08 02:45:14"
"534","1531120065","PIGmobi","PIGPAY TECNOLOGIA","在线","0.00","美食佳饮","2023-07-08 05:21:30"
"535","1633082410","PDI-POA","Protocol and Diplomacy International - Protocol Officers Association","在线","0.00","商务","2023-07-08 05:34:38"
"536","1633026480","King HIIT","KING HIIT Pty Ltd","下架","0.00","健康健美","2023-07-08 08:31:47"
"537","1628250961","SIMA Academy","SIMA Studios","在线","0.00","教育","2023-07-08 02:41:13"
"538","1634696190","Daily Magic","Troy Hurst","在线","0.00","问答","2023-07-08 02:39:12"
"539","1634400725","AlSafwa Academy","ADMINS EGYPT FOR SOFTWARE","在线","0.00","教育","2023-07-08 23:13:10"
"540","1634401549","Art Academy","ADMINS EGYPT FOR SOFTWARE","在线","0.00","教育","2023-07-08 23:13:10"
"541","1633810980","Mario's Grub Restaurant","SW Accountancy","在线","0.00","美食佳饮","2023-07-08 01:26:36"
"542","1634509745","El Nile Vocational Academy","ADMINS EGYPT FOR SOFTWARE","在线","0.00","教育","2023-07-08 23:20:26"
"543","1634702744","Panorama Reda Helmy","ADMINS EGYPT FOR SOFTWARE","在线","0.00","教育","2023-07-08 23:14:30"
"544","1630905082","inEpilepsy","Insense","在线","0.00","医疗","2023-07-08 19:32:53"
"545","1635769969","A Z Chemistry","ADMINS EGYPT FOR SOFTWARE","在线","0.00","教育","2023-07-08 23:11:18"
"546","1633251803","GR Express Essencial","GR Express Essencial","在线","0.00","美食佳饮","2023-07-08 23:13:41"
"547","1636717354","Alpha Male Society","Dr Michael Brandon LLC","在线","0.00","生活","2023-07-08 16:20:57"
"548","1566814539","Apprazi","Gonzalo Manuel Pantoja Gallinal","在线","0.00","摄影与录像","2023-07-08 06:25:12"
"549","1636760587","MSAD #1","Maine School Administrative District 1","在线","0.00","教育","2023-07-08 02:39:21"
"550","1621091120","Launchpad Fast-Twitch Training","Launchpad Fitness, Inc.","在线","0.00","健康健美","2023-07-08 02:39:31"
"551","1441559846","Jupay","Juni Holdings Inc","在线","0.00","财务","2023-07-08 03:16:46"
"552","1639240771","Conference Check-in","Conference Software","在线","0.00","效率","2023-07-08 01:29:02"
"553","1639254424","Claim My Ride","Craig Burton","在线","0.00","工具","2023-07-08 18:14:36"
"554","1639953884","Events of SCI","CYBER FORUM GmbH","在线","0.00","商务","2023-07-08 19:38:04"
"555","1640340304","Side Catch","yousef S Jalili","在线","0.00","休闲","2023-07-08 18:10:50"
"556","1640347389","Crab the Crap","yousef S Jalili","在线","0.00","休闲","2023-07-08 18:08:41"
"557","1641055571","IMAGE Events","The American Association of Petroleum Geologists, Inc.","在线","0.00","商务","2023-07-08 04:37:12"
"558","1640667305","Wincolpo","PrIOT Technologies","在线","0.00","健康健美","2023-07-08 09:42:29"
"559","1642057426","Alpha academy","ADMINS EGYPT FOR SOFTWARE","在线","0.00","教育","2023-07-08 23:11:54"
"560","1624965816","1 Weather 357","LIONELL INC","在线","3.99","天气","2023-07-08 14:45:04"
"561","1644573702","fear-less","Joonsuh Kwun","在线","0.00","健康健美","2023-07-08 12:37:54"
"562","6443429014","International Academy-Ed & Tr","ADMINS EGYPT FOR SOFTWARE","在线","0.00","教育","2023-07-08 23:17:29"
"563","6443501846","West De Pere School District","SCHOOL DISTRICT OF WEST DE PERE","在线","0.00","教育","2023-07-08 01:36:30"
"564","1639906209","myLINDSAY","Lindsay","在线","0.00","商务","2023-07-08 06:28:20"
"565","6443723105","G-Log","Giter Tecnologia","在线","0.00","商务","2023-07-08 04:38:30"
"566","6443774728","AnyKiosk","Anand Raj R","在线","0.99","商务","2023-07-08 23:18:36"
"567","6443655111","Wqtah وقته","Mohamed AlSulaiti","在线","0.00","娱乐","2023-07-08 19:41:16"
"568","6443844275","Aquila Portal","Instituto Aquila de Gestao Ltda","在线","0.00","商务","2023-07-08 04:38:33"
"569","6443708330","BICC","ADMINS EGYPT FOR SOFTWARE","在线","0.00","教育","2023-07-08 23:16:50"
"570","1618790456","Lupacan app","Leonardo Ciucci","在线","0.00","社交","2023-07-08 06:28:02"
"571","1627285591","Bitoshi: Buy & Sell Crypto","Bitoshi Digital Services Limited","在线","0.00","财务","2023-07-08 03:35:20"
"572","1641295602","Teach me online academy","ADMINS EGYPT FOR SOFTWARE","在线","0.00","教育","2023-07-08 23:11:44"
"573","6443542419","Pen","ADMINS EGYPT FOR SOFTWARE","在线","0.00","教育","2023-07-08 23:19:03"
"574","6443847392","Future academy","ADMINS EGYPT FOR SOFTWARE","在线","0.00","教育","2023-07-08 23:19:04"
"575","6444053777","NAWL Events","National Assn of Women Lawyers","在线","0.00","商务","2023-07-08 05:34:31"
"576","6444184291","AG Academy","ADMINS EGYPT FOR SOFTWARE","在线","0.00","教育","2023-07-08 23:27:58"
"577","6444104622","Défis","Danielly Silva","在线","0.00","休闲","2023-07-08 03:39:24"
"578","6444379464","بوابة تحفة التعليمية","ADMINS EGYPT FOR SOFTWARE","在线","0.00","教育","2023-07-08 23:18:30"
"579","6444527456","Fel - Center","ADMINS EGYPT FOR SOFTWARE","在线","0.00","教育","2023-07-08 23:21:36"
"580","6444727940","ABRAPOS","Conference Software","在线","0.00","工具","2023-07-08 01:36:11"
"581","6444772599","Muscle Cure","ADMINS EGYPT FOR SOFTWARE","在线","0.00","生活","2023-07-08 23:21:03"
"582","6444907763","bigstone","Nanjing Bigstone Electronic & Technology Co.,Ltd","在线","0.00","工具","2023-07-08 11:14:45"
"583","1659462011","العاصمة للتدريب المهني المعتمد","ADMINS EGYPT FOR SOFTWARE","在线","0.00","教育","2023-07-08 23:17:45"
"584","1660749322","الجندي","ADMINS EGYPT FOR SOFTWARE","在线","0.00","生活","2023-07-08 23:13:28"
"585","1661412989","السيد في الرياضيات","ADMINS EGYPT FOR SOFTWARE","在线","0.00","教育","2023-07-08 23:15:19"
"586","1662163605","Meyzade","Abdallah Bino","在线","0.00","美食佳饮","2023-07-08 18:14:04"
"587","6444038691","Graphic Kit","Jeyapalan Bavitharan","在线","0.00","图形和设计","2023-07-08 01:39:04"
"588","1662230657","Meyzade Bayi","Abdallah Bino","在线","0.00","美食佳饮","2023-07-08 18:10:03"
"589","1662618351","meyzade kurye","Abdallah Bino","下架","0.00","美食佳饮","2023-07-08 18:09:56"
"590","6443907012","Community Corner","Mathaus Martin","下架","0.00","社交","2023-07-08 04:39:59"
"591","1662236202","Falling Calamity","yousef S Jalili","在线","0.00","游戏","2023-07-08 18:10:03"
"592","1665368668","Menofia Courses Academy","ADMINS EGYPT FOR SOFTWARE","在线","0.00","教育","2023-07-08 23:15:54"
"593","1665794042","Convenção Nacional 2023","Conference Software","在线","0.00","工具","2023-07-08 01:32:19"
"594","6443486350","esetech","ESETECH GLOBAL RESORCES","在线","0.00","财务","2023-07-08 18:14:08"
"595","1669511426","mostateel","sanjay kumar","在线","0.00","商务","2023-07-08 14:43:50"
"596","1670816269","HealHustle","Zidan Ramadhan","在线","0.00","效率","2023-07-08 21:15:47"
"597","1633041988","HushRush","Zidan Ramadhan","在线","0.00","生活","2023-07-08 21:11:20"
"598","6444427589","Kerjain","Zidan Ramadhan","在线","0.00","社交","2023-07-08 21:19:32"
"599","1670045996","SAAQ Knowledge Test","Phan Tan Viet","下架","0.00","教育","2023-07-08 21:17:25"
"600","6445871676","ريادة مدرب","PMO","在线","0.00","教育","2023-07-08 22:58:39"
"601","1671630782","Telemedicina24","AloJose24","在线","0.00","健康健美","2023-07-08 02:44:33"
"602","6446031635","Şanlı Ticaret","Kadem Sanli","在线","0.00","购物","2023-07-08 02:44:04"
"603","6446052669","ICBC Knowledge Test","Phan Tan Viet","在线","0.00","教育","2023-07-08 21:20:24"
"604","6443520518","Zion - Bible Penpal","Joonsuh Kwun","在线","0.00","生活","2023-07-08 12:39:01"
"605","6446458357","Rikblocs","Abdullah Gundogdu","下架","0.00","娱乐","2023-07-08 19:43:25"
"606","1669993409","الواضح في الفيزياء","ADMINS EGYPT FOR SOFTWARE","在线","0.00","教育","2023-07-08 23:17:55"
"607","6446888752","SecPay","savedroid FL GmbH","在线","0.00","工具","2023-07-08 21:20:25"
"608","1668666074","Le petit savant","ADMINS EGYPT FOR SOFTWARE","在线","0.00","教育","2023-07-08 23:16:43"
"609","6446839532","Deprem Uyarı DUYAR","Insense","在线","0.00","生活","2023-07-08 19:47:31"
"610","6446360464","F2 by Functionised","Dr Michael Brandon LLC","下架","0.00","健康健美","2023-07-08 16:34:33"
"611","6447786935","Elmasry Academy","ADMINS EGYPT FOR SOFTWARE","在线","0.00","体育","2023-07-08 23:24:05"
"612","6448699185","Elshora soccer Academy","ADMINS EGYPT FOR SOFTWARE","在线","0.00","体育","2023-07-08 23:24:17"
"613","6448699518","Aqua Academy for Swimming","ADMINS EGYPT FOR SOFTWARE","在线","0.00","体育","2023-07-08 23:27:19"
"614","6446039274","Reel Tok","DragonCamp LLC","在线","0.00","社交","2023-07-08 23:20:05"
"615","6449454926","AgungWarehouse Track & Trace","sanjay kumar","在线","0.00","商务","2023-07-08 14:49:17"
"616","6443969596","iPot - Create a Timetable","MAPYTECH (PTY) LTD","在线","0.00","效率","2023-07-08 18:14:29"
"617","6449199936","BODYCHECK HEALTH","Calibri INC","下架","0.00","健康健美","2023-07-08 03:39:24"
"618","6450052936","Soccer Ball 2D","Doan Tien Manh","下架","6.99","游戏","2023-07-08 18:18:33"
"619","1671681675","Floaty: VESC Stats & Tuning","Tech Foundry Limited","在线","0.00","体育","2023-07-08 18:10:50"
"620","6446911098","IYO Club","Krato","下架","0.00","商务","2023-07-08 00:13:37"
"621","6446514899","Citoyenneté Canadienne","Phan Tan Viet","在线","0.00","教育","2023-07-08 21:20:45"
"622","6450312959","GFAM Movie Checklist","Ride Television Network, Inc.","在线","0.00","娱乐","2023-07-08 01:38:14"
"623","6450503881","Read a calendar","百家乐 炸金花 牛牛,老虎机 麻将胡了 六合彩 森林舞会,电竞竞猜 开云体育 皇冠体育,电子游戏 体彩 足球直播 中超直播 足球竞猜 体育竞猜 虎牙 澳客 虎扑 雷速","下架","0.00","工具","2023-07-08 12:26:24"
"624","6450428556","Bingsport - Football Live TV","Richard Weller","下架","0.00","体育","2023-07-08 21:25:04"
"625","6447702136","CUCDH","Jason Gien","在线","0.00","医疗","2023-07-08 23:24:57"
"626","6449546354","Shopping list - ShopeN","Dmitry Savchenko","在线","0.00","购物","2023-07-08 01:40:17"
"627","6450313958","AIと一緒に！朝までそれ正解","TAKEHIRO YAJIMA","在线","0.00","娱乐","2023-07-08 13:56:11"
"628","6450774816","Warrior Charge","Ella R. Cox","下架","0.00","游戏","2023-07-08 11:19:13"
"629","6450832072","Willows Stocks - Life Tools","Willows Finance Change Limited","在线","0.00","生活","2023-07-08 14:50:03"
"630","6450919433","NRec","Quansatech GmbH","在线","0.00","工具","2023-07-08 21:22:56"
"631","6448948927","Auction AlSahraa مزاد الصحراء","Auction AlSahraa","在线","0.00","购物","2023-07-08 23:23:04"
"632","1531081605","Oke Charge","Oke Charge","在线","0.00","导航","2023-07-08 00:00:00"
"633","1536933998","COSYS Lademittelverwaltung","Cosys Ident GmbH","在线","0.00","商务","2023-07-08 00:00:00"
"634","1563476999","Fillip Fleet","Fillip Fleet Inc.","在线","0.00","商务","2023-07-08 00:00:00"
"635","1606793010","EQI Trader","BTG Pactual","在线","0.00","财务","2023-07-08 00:00:00"
"636","1613803577","FORMs • space Story Royal Saga","Vasili Krasnouski","在线","0.00","益智解谜","2023-07-08 00:00:00"
"637","1615444583","EQI Investimentos","BTG Pactual","在线","0.00","财务","2023-07-08 00:00:00"
"638","1621924191","Vidit - Now","Dor Perez","在线","0.00","社交","2023-07-08 00:00:00"
"639","1632112115","Vyyer Scan Enterprise","Vyyer LLC","在线","0.00","工具","2023-07-08 00:00:00"
"640","1633187663","思源店商","泉州市锦格贸易有限公司","在线","0.00","购物","2023-07-08 00:00:00"
"641","1658238477","FCS Order","Webtek Sdn Bhd","在线","0.00","美食佳饮","2023-07-08 00:00:00"
"642","1659774596","Nails Arts","IPCamSoft.com","在线","0.00","效率","2023-07-08 00:00:00"
"643","1661741639","American cooking star","GameAnnie","在线","0.00","休闲","2023-07-08 00:00:00"
"644","1663923572","Megic","Johannes Gebert","在线","0.00","生活","2023-07-08 00:00:00"
"645","1667460430","Lolya Factory","E bling Gold And Jewellery Trading","在线","0.00","购物","2023-07-08 00:00:00"
"646","1673343904","Runna","Runna Ventures LLC","在线","0.00","商务","2023-07-08 00:00:00"
"647","6443873463","AfriKonekta","AfriKonekta Mobility Oy","在线","0.00","旅游","2023-07-08 00:00:00"
"648","6444128755","OthelloZ","Apiphoom Chuenchompoo","在线","0.00","桌面","2023-07-08 00:00:00"
"649","6444200251","Senderos de CLM","FDMCM","在线","0.00","体育","2023-07-08 00:00:00"
"650","6444369413","Bookea","Bookea S.A.C.","在线","0.00","商务","2023-07-08 00:00:00"
"651","6444691540","Q-Pulse","Quizer","在线","0.00","工具","2023-07-08 00:00:00"
"652","6444707315","Hive O","Alphagen Software Solutions Pvt Ltd","在线","0.00","旅游","2023-07-08 00:00:00"
"653","6444716798","ECLAIRS","Sambaash","在线","0.00","教育","2023-07-08 00:00:00"
"654","6444781575","GestorVet","45.327.493 INOVA SIMPLES (I.S.)","在线","0.00","财务","2023-07-08 00:00:00"
"655","6445836853","Qazbilim","Gulbanu Kanay","下架","0.00","教育","2023-07-08 00:00:00"
"656","6446095789","Heritage Pension Advisors","Schwab Retirement Technologies Inc.","在线","0.00","财务","2023-07-08 00:00:00"
"657","6446269982","Curbside Academy","Curbside Pte. Ltd.","下架","0.00","社交","2023-07-08 00:00:00"
"658","6446591152","Geo4Physics","marco wageh","在线","0.00","教育","2023-07-08 00:00:00"
"659","6446652847","Global Finances Accounting","Andres Cabanilla","在线","0.00","财务","2023-07-08 00:00:00"
"660","6446693318","Elite Office","EASY SOFTWARE PVT. LTD.","在线","0.00","效率","2023-07-08 00:00:00"
"661","6446787809","Pick and Run Socio","Pablo Mercado","在线","0.00","购物","2023-07-08 00:00:00"
"662","6447183137","DIGMA NetPrint","Vsevolod Khramov","在线","0.00","工具","2023-07-08 00:00:00"
"663","6447282695","Equip: Authentic Joy","Matik Nicholls","在线","0.00","健康健美","2023-07-08 00:00:00"
"664","6447945524","Bidvest Business","Bidvest Bank Limited","在线","0.00","商务","2023-07-08 00:00:00"
"665","6448189070","Siembra IA","Ministerio de Agricultura y Ganaderia (El Salvador)","在线","0.00","工具","2023-07-08 00:00:00"
"666","6448278644","Ongarakudil","Senthil Kumar","在线","0.00","生活","2023-07-08 00:00:00"
"667","6448306964","Gareth","Converta LTDA","在线","0.00","购物","2023-07-08 00:00:00"
"668","6448402332","Alumnos AGOJ","Luis Estrada","在线","0.00","教育","2023-07-08 00:00:00"
"669","6448531076","코이지","LOKI Co.,Ltd","在线","0.00","生活","2023-07-08 00:00:00"
"670","6448632357","SpaceMoney","Converta LTDA","下架","0.00","新闻","2023-07-08 00:00:00"
"671","6448636511","gotPayments","SUNDARAM NATARAJAN","在线","9.99","效率","2023-07-08 00:00:00"
"672","6448695920","Awesome All Time Text Stickers","Shivam Sharma","在线","0.99","贴纸","2023-07-08 00:00:00"
"673","6448704422","Releaf Resources","ReLeaf Resources LLC","在线","0.00","生活","2023-07-08 00:00:00"
"674","6448762354","Wgpfs","AHMED BA BAQI","在线","0.00","体育","2023-07-08 00:00:00"
"675","6448793303","Wild Space: The First Outpost","HOORAH DIGITAL SA (PTY) LTD","在线","0.00","策略","2023-07-08 00:00:00"
"676","6448945257","Alamode By Akanksha - Shopping","Akanksha Label LLP","在线","0.00","购物","2023-07-08 00:00:00"
"677","6449026961","Rubikas","RMIRA TEKNOLOJI ANONIM SIRKETI","在线","0.00","商务","2023-07-08 00:00:00"
"678","6449136307","D win | دينار ون","mohammed kamel","在线","0.00","商务","2023-07-08 00:00:00"
"679","6449256267","Strom — photo groups","Strom Inc.","在线","0.00","摄影与录像","2023-07-08 00:00:00"
"680","6449257110","Lely Field Service","Lely Industries N.V.","在线","0.00","商务","2023-07-08 00:00:00"
"681","6449275507","Cevat Kuyumculuk","Heyfit Mobil Teknoloji","在线","0.00","财务","2023-07-08 00:00:00"
"682","6449357939","Watoosee","Michel LO-TUTALA","在线","0.00","娱乐","2023-07-08 00:00:00"
"683","6449393916","Wasetakom | وسيطكم","Luay Tayeb","在线","0.00","商务","2023-07-08 00:00:00"
"684","6449460245","LEO AI","Syntax Software House","在线","0.00","教育","2023-07-08 00:00:00"
"685","6449493979","Workpulse MDR","Workpulse","在线","0.00","商务","2023-07-08 00:00:00"
"686","6449500173","Vibgyor Smart Staff","Taranjeet Singh","下架","0.00","教育","2023-07-08 00:00:00"
"687","6449529283","Dr. Rahi MD","Raheleh Sarbaziha, Md, Inc.","下架","0.00","健康健美","2023-07-08 00:00:00"
"688","6449588740","易起-陪伴您做选择","Guangxi Sheyu Technology Co. , LTD","在线","0.00","生活","2023-07-08 00:00:00"
"689","6449604327","WLOU Radio","Vortex Computer Solutions","在线","0.00","娱乐","2023-07-08 00:00:00"
"690","6449609581","Compete - Minigame Showdown","David Schreiber","在线","0.00","策略","2023-07-08 00:00:00"
"691","6449685904","ISY Schwedt","World e.V","在线","0.00","娱乐","2023-07-08 00:00:00"
"692","6449699910","Northern Competitions","NORTHERN COMPETITIONS(CUMBRIA) LIMITED","在线","0.00","娱乐","2023-07-08 00:00:00"
"693","6449745558","Verde Mare","Tourist Organizer","在线","0.00","旅游","2023-07-08 00:00:00"
"694","6449781011","InjuryTrak V2","tim vierheller","在线","0.00","医疗","2023-07-08 00:00:00"
"695","6449782523","Alemac Connect","WITS Interactive Pvt. Ltd.","在线","0.00","商务","2023-07-08 00:00:00"
"696","6449785278","LOTON","satoshi tamanaha","在线","0.00","工具","2023-07-08 00:00:00"
"697","6449792957","Promptly - AI Prompt Generator","Daniel Yaakob","在线","0.00","效率","2023-07-08 00:00:00"
"698","6449812531","RFH Athletics","RUMSON-FAIR HAVEN REGIONAL HIGH SCHOOL DISTRICT","下架","0.00","体育","2023-07-08 00:00:00"
"699","6450110982","Chalong Pier Phuket","Transportation Phuket Provincial Administrative Organization","在线","0.00","旅游","2023-07-08 00:00:00"
"700","6450160726","GymCenter Sistema de Gimnasios","Juan Damian Felix","在线","0.00","健康健美","2023-07-08 00:00:00"
"701","6450193163","Jardim Bonança Ypês","Mathias Gagliardi","在线","0.00","效率","2023-07-08 00:00:00"
"702","6450211968","Pure Zen.Life","Pure Zen Life Limited","下架","0.00","生活","2023-07-08 00:00:00"
"703","6450219793","Super Via 2","WS Work","下架","0.00","购物","2023-07-08 00:00:00"
"704","6450224457","Ball Jam - Clear the Balls","Mad Apper Studios","在线","0.00","益智解谜","2023-07-08 00:00:00"
"705","6450244722","ChecChek","China Global Television Network Corp.","在线","0.00","财务","2023-07-08 00:00:00"
"706","6450290750","Chores For Me Worker","Chores For Me LLC","在线","0.00","商务","2023-07-08 00:00:00"
"707","6450296540","Pittsburgh News/Talk","RadioFX","在线","0.00","娱乐","2023-07-08 00:00:00"
"708","6450304189","SGOM","SOCIEDAD DE GINECOLOGIA Y OBSTETRICIA DE MADRID","在线","0.00","参考","2023-07-08 00:00:00"
"709","6450306300","TonicTVNetwork","tonictv network","在线","0.00","娱乐","2023-07-08 00:00:00"
"710","6450308885","EalSuite - Partner Console","Eallisto Informatics","在线","0.00","商务","2023-07-08 00:00:00"
"711","6450309457","SubtitlerKit – video subtitles","Aliaksandr Andrashuk","在线","0.00","摄影与录像","2023-07-08 00:00:00"
"712","6450370792","Exploration Place","Exploration Place, Inc.","在线","0.00","旅游","2023-07-08 00:00:00"
"713","6450374242","Central Park GYM","Analogia","下架","0.00","健康健美","2023-07-08 00:00:00"
"714","6450378753","KSKT - Kisaan Se Kitchen Tak","Jeyan Technologies Private Limited","在线","0.00","购物","2023-07-08 00:00:00"
"715","6450397585","JogScan","Erick Mitsugui Yamato","在线","0.00","健康健美","2023-07-08 00:00:00"
"716","6450398926","Arts Of Optics","EDWARD BANGIYEV","下架","0.00","购物","2023-07-08 00:00:00"
"717","6450413525","Spyne Food","Albumm.ai","在线","0.00","摄影与录像","2023-07-08 00:00:00"
"718","6450450555","Bruscino Freddo","Gennaro Guida","在线","0.00","效率","2023-07-08 00:00:00"
"719","6450456608","ShoppingMarkRecord","Isabel Galvan","下架","0.00","生活","2023-07-08 00:00:00"
"720","6450497886","소보로 - 우리 동네 대여마켓","whitecube Inc.","下架","0.00","生活","2023-07-08 00:00:00"
"721","6450500224","Glide Master : Wingsuit Flying","Nguyen Khac Quy","在线","0.00","动作","2023-07-08 00:00:00"
"722","6450516666","Hessen Logistics y Aduanas","David Fernandez","下架","0.00","效率","2023-07-08 00:00:00"
"723","6450527662","FC徳島 公式アプリケーション","FC TOKUSHIMA SPORTS CLUB, GENERAL INC. ASSOCIATION","在线","0.00","社交","2023-07-08 00:00:00"
"724","6450534064","Streisand","ARCADIA ODYSSEY INC.","在线","0.00","工具","2023-07-08 00:00:00"
"725","6450585726","Sobat Syariah","Sobat Syariah","在线","0.00","生活","2023-07-08 00:00:00"
"726","6450599348","Telemart","Mustafa Ghafour","在线","0.00","购物","2023-07-08 00:00:00"
"727","6450612842","Fooddy","Softwater","在线","0.00","美食佳饮","2023-07-08 00:00:00"
"728","6450623276","Kayaka Online","Rohit Manglik","在线","0.00","教育","2023-07-08 00:00:00"
"729","6450631414","I.C. De Gasperi","3D Solution srl","在线","0.00","参考","2023-07-08 00:00:00"
"730","6450645685","MCI STORE","Marwan Ahmed Fouad","在线","0.00","购物","2023-07-08 00:00:00"
"731","6450648304","Galaxysec plus","Antonella Delfina Bueno Lozada","下架","0.00","工具","2023-07-08 00:00:00"
"732","6450668261","鑫钜专车司机版","霍州煤电集团鑫钜煤机装备制造有限责任公司","在线","0.00","工具","2023-07-08 00:00:00"
"733","6450669110","xBangon","爱星 马","在线","0.00","工具","2023-07-08 00:00:00"
"734","6450679021","Tok Followers by Tic Avatar","Ruslan Vedmed","下架","0.00","参考","2023-07-08 00:00:00"
"735","6450689411","myGSW","UCROO","在线","0.00","教育","2023-07-08 00:00:00"
"736","6450690016","WarriorsConnect","UCROO","在线","0.00","教育","2023-07-08 00:00:00"
"737","6450690199","Summer Discovery & SIG","UCROO","下架","0.00","教育","2023-07-08 00:00:00"
"738","6450716323","ScanScribe","STOBI s.r.o.","在线","0.00","工具","2023-07-08 00:00:00"
"739","6450718148","MW Follow-Up","Ummense","在线","0.00","效率","2023-07-08 00:00:00"
"740","6450730288","Army Ambulance 3D","Gansukh Dajgui","在线","0.00","休闲","2023-07-08 00:00:00"
"741","6450748902","Creator Film School","Explore and Create Inc","在线","0.00","教育","2023-07-08 00:00:00"
"742","6450748979","Mobomate","Mobopie Media inc.","在线","0.00","社交","2023-07-08 00:00:00"
"743","6450774807","CaterMe: Booking Management","Rajbin Singh","在线","0.00","商务","2023-07-08 00:00:00"
"744","6450793935","VAXA App","Hope College","下架","0.00","教育","2023-07-08 00:00:00"
"745","6450799668","SpeechKeeper","Kyo Arayama","在线","0.00","效率","2023-07-08 00:00:00"
"746","6450801226","iSold App","Asad Mubashar","在线","0.00","购物","2023-07-08 00:00:00"
"747","6450804559","Shwe Luck San","Data Focus Company Ltd","在线","0.00","商务","2023-07-08 00:00:00"
"748","6450822871","Holr Up","Holr Up, LLC","在线","0.00","社交","2023-07-08 00:00:00"
"749","6450830901","MyLink R","Jose Carlos Ferreira Silva","在线","0.00","商务","2023-07-08 00:00:00"
"750","6450837301","Flowi.io","Flowi.io","在线","0.00","效率","2023-07-08 00:00:00"
"751","6450841530","Blue Garden الحديقة الزرقاء","ALI ALKADHEM","下架","0.00","美食佳饮","2023-07-08 00:00:00"
"752","6450847498","Enjoy.inGo","EnjoyIn","在线","0.00","购物","2023-07-08 00:00:00"
"753","6450863378","ADsumerA M","Andreas Dietrich","在线","1.99","效率","2023-07-08 00:00:00"
"754","6450871893","Nymarksminde","Flex4Business ApS","在线","0.00","娱乐","2023-07-08 00:00:00"
"755","6450875734","Ordinarius","Cagri Surer","在线","0.00","美食佳饮","2023-07-08 00:00:00"
"756","6450876393","ToPonts","ToPonts Inc","在线","0.00","效率","2023-07-08 00:00:00"
"757","6450876888","JuegaMarcelo","Alejandro Carbajal","在线","0.00","冒险","2023-07-08 00:00:00"
"758","6450888832","Color Fuses","Sanmesh Pillai","下架","0.00","工具","2023-07-08 00:00:00"
"759","6450892694","Conant Conditioning","Hand Clicked Limited","在线","0.00","健康健美","2023-07-08 00:00:00"
"760","6450894432","上课吧(教培管理系统)","杭州婉卿文化艺术有限公司","在线","0.00","教育","2023-07-08 00:00:00"
"761","6450895256","甜弗生活-专属日常分享社区","Alvena Schaefer","下架","0.00","社交","2023-07-08 00:00:00"
"762","6450896253","C.D. Barano d'Ischia","3D Solution srl","在线","0.00","参考","2023-07-08 00:00:00"
"763","6450897823","IQ Test - Math Quiz","Eunjoo Lim","在线","0.00","参考","2023-07-08 00:00:00"
"764","6450901115","NTsuites Salons & Offices","Noorneel LLC","在线","0.00","效率","2023-07-08 00:00:00"
"765","6450904389","Omedu","Abdelrahman Abdallah","在线","0.00","教育","2023-07-08 00:00:00"
"766","6450905927","UW*Admin","Atlantis Sports","在线","0.00","体育","2023-07-08 00:00:00"
"767","6450909039","RichFit","Benjamin Richardson","在线","0.00","健康健美","2023-07-08 00:00:00"
"768","6450910320","Converte.me","Converte.me","在线","0.00","财务","2023-07-08 00:00:00"
"769","6450916893","大迪司机","振明 张","在线","0.00","工具","2023-07-08 00:00:00"
"770","6450917452","圈圈记","Sebahattin Pelit","下架","0.00","工具","2023-07-08 00:00:00"
"771","6450921366","Bitytpro","Taek-hyun Jung","下架","0.00","工具","2023-07-08 00:00:00"
"772","6450924483","NKJV Bible Trivia Quiz","Anandhaprabakaran Balasubramaniyan","在线","0.00","问答","2023-07-08 00:00:00"
"773","6450924551","Gemeinde Oberammergau","Gemeinde Oberammergau","在线","0.00","效率","2023-07-08 00:00:00"
"774","6450925004","QR & Barcode Reader","SWAINFO SOLUTIONS","在线","0.00","工具","2023-07-08 00:00:00"
"775","6450925010","Meet in Hub","Hisham Elazhari","在线","0.00","商务","2023-07-08 00:00:00"
"776","6450925472","Interconnected Experience","Jesus Silva","在线","0.00","社交","2023-07-08 00:00:00"
"777","6450926547","Leading Ladies In Business","Clare Bowers","在线","0.00","商务","2023-07-08 00:00:00"
"778","6450926659","NZ Road Code Quiz 2024","Haresh Rathod","在线","0.00","教育","2023-07-08 00:00:00"
"779","6450927917","77 App","3win sp. z o.o.","在线","0.00","娱乐","2023-07-08 00:00:00"
"780","6450933739","Learn All Names","Dennis Scheffel","在线","0.00","社交","2023-07-08 00:00:00"
"781","6450934520","Module Transport TF","Hugo Martinez","在线","0.00","效率","2023-07-08 00:00:00"
"782","6450938871","ChitChit - Meet the joy here","Van An Nguyen","在线","0.00","社交","2023-07-08 00:00:00"
"783","6450945701","七个七代驾","延涛 孙","在线","0.00","生活","2023-07-08 00:00:00"
"784","6450948770","Clarel","Beauty By DIA, SA","下架","0.00","生活","2023-07-08 00:00:00"
"785","6450950091","CardThinkCirling","F炸金花 百家乐 捕鱼 牛牛,抢庄牛牛,森林舞会,皇冠体育,德州,21点,扑克,老虎机,龙虎斗,开元棋牌,彩票,时时彩,幸运飞艇,六合彩,麻将胡了CO","下架","0.00","游戏","2023-07-08 00:00:00"
"786","6450951914","Spinner Invest","Apptile","在线","0.00","购物","2023-07-08 00:00:00"
"787","6450952748","KofC Annual Supreme Convention","Knights of Columbus","在线","0.00","商务","2023-07-08 00:00:00"
"788","6450953002","Horsey Lightly Solicitors","Karl Donovan","在线","0.00","商务","2023-07-08 00:00:00"
"789","6450953132","sekkara provider","PANCODE BILISIM LIMITED SIRKETI","在线","0.00","购物","2023-07-08 00:00:00"
"790","6450957415","Hazel Blues®","Dhameliya Infotech private limited","在线","0.00","购物","2023-07-08 00:00:00"
"791","6450958045","私のTodo","akaboshi kosei","在线","0.00","工具","2023-07-08 00:00:00"
"792","6450959250","Etap Sürücü Kursu","ehliyet kursum","在线","0.00","教育","2023-07-08 00:00:00"
"793","6450964272","Zoom Cville","JCG Ventures, Inc.","在线","0.00","健康健美","2023-07-08 00:00:00"
"794","6450975477","susing novel","仂茗 彭","下架","0.00","参考","2023-07-08 00:00:00"
"795","6450975678","TextConversion","新宇 王","下架","0.00","工具","2023-07-08 00:00:00"
"796","6450975762","Kernersville Wesleyan Church","Kernersville Wesleyan Church (North Carolina)","在线","0.00","教育","2023-07-08 00:00:00"
"797","6450976441","ScanGen+ QR & Barcode Scanner","Harsh Patel","下架","3.99","工具","2023-07-08 00:00:00"
"798","6450976685","Bingo Craze: Golden Rush","SMARTSHIFT TECHNOLOGIES, INC.","下架","0.00","娱乐场","2023-07-08 00:00:00"
"799","6450980964","Vocab Vantage: Dictionary App","Mun Jiunn Tan","在线","0.00","教育","2023-07-08 00:00:00"
"800","6450982015","LIVE FITT","kieron wong","在线","0.00","健康健美","2023-07-08 00:00:00"
"801","6450982203","Dodge Fitness","Susan Dodge","在线","0.00","健康健美","2023-07-08 00:00:00"
"802","6450982866","HC BMS","Shenzhenshi Handexing Technology Co. , Ltd.","在线","0.00","工具","2023-07-08 00:00:00"
"803","6450983833","My Home TV","Profistaff EU, ToV","下架","0.00","生活","2023-07-08 00:00:00"
"804","6450986058","Solidol  Barbershop.","FJ Pomades LLC","在线","0.00","健康健美","2023-07-08 00:00:00"
"805","6450992055","The DON Reservations Driver","EtYN Online llc","在线","0.00","商务","2023-07-08 00:00:00"
"806","6450994422","Shagor Balti House,","Umayr Saleem","在线","0.00","美食佳饮","2023-07-08 00:00:00"
"807","6450994980","ALRTA Center","ALRTA Center","在线","0.00","体育","2023-07-08 00:00:00"
"808","6450996223","DumpTruckOnDemand Driver","DumpTruckOnDemand","在线","0.00","旅游","2023-07-08 00:00:00"
"809","6450997256","Hector Reyes, MBA","Quick Consulting and Management LLC","在线","0.00","财务","2023-07-08 00:00:00"
"810","6450997381","Proyecto Radio Mx","Guillermo Gallegos","在线","0.00","娱乐","2023-07-08 00:00:00"
"811","6450997480","S17 dance","Lev Ovanoglyan","在线","0.00","健康健美","2023-07-08 00:00:00"
"812","6450999412","Aprender a Proteger","PROCURADORIA GERAL DE JUSTICA DO ESTADO DE ALAGOAS","在线","0.00","教育","2023-07-08 00:00:00"
"813","6451001150","Sách Mềm VN","Pham Thi Thanh Hien","在线","0.00","教育","2023-07-08 00:00:00"
"814","6451001321","Wheel Utility Service Suite","百家乐 炸金花 牛牛 ,抢庄牛牛,老虎机 捕鱼 麻将胡了 森林舞会 快3 开元棋牌 澳客","下架","0.00","工具","2023-07-08 00:00:00"
"815","6451002849","Nicoletta Valentina","Niccolleta Valentina Castro Olivares","在线","0.00","购物","2023-07-08 00:00:00"
"816","6451009298","AMPI","Raul Munoz","下架","0.00","生活","2023-07-08 00:00:00"
"817","6451010051","Suave102.Net","Miguelina Fernandez","在线","0.00","音乐","2023-07-08 00:00:00"
"818","6451011510","Aman Photography","Kwikpic Tech Services","在线","0.00","摄影与录像","2023-07-08 00:00:00"
"819","6451013498","baze-thecolorconvert","墨涵 吕","下架","0.00","工具","2023-07-08 00:00:00"
"820","6451026409","PDF Lock Unlock","Sweta Kansagra","在线","0.00","工具","2023-07-08 00:00:00"
"821","6451026524","SolarSystemPlanets","ANUP J KURIAKOSE","在线","0.00","教育","2023-07-08 00:00:00"
"822","6451027308","Matcher Card Updow","H炸金花 百家乐 捕鱼 牛牛,抢庄牛牛,森林舞会,皇冠体育,德州,21点,扑克,老虎机,龙虎斗,开元棋牌,彩票,时时彩,幸运飞艇,六合彩,麻将胡了,电子游戏,足球直播,足球外围,中超直播LTD","下架","0.00","游戏","2023-07-08 00:00:00"
"823","6451027600","Freshcious","Palraj Murukesan","在线","0.00","购物","2023-07-08 00:00:00"
"824","6451034755","The Best Hits","Tony Wright","在线","0.00","娱乐","2023-07-08 00:00:00"
"825","6451035855","Proten Card Square","Y炸金花 百家乐 捕鱼 牛牛,抢庄牛牛,森林舞会,皇冠体育,德州,21点,扑克,老虎机,龙虎斗,开元棋牌,彩票,时时彩,幸运飞艇,六合彩,麻将胡了,电子游戏,足球直播,足球外围,中超直播LTD","下架","0.00","游戏","2023-07-08 00:00:00"
"826","6451037008","Crazy Road Rampage","daniel thomson","在线","0.00","游戏","2023-07-08 00:00:00"
"827","6451037365","约茶到家","台州约茶到家健康管理服务有限公司","在线","0.00","生活","2023-07-08 00:00:00"
"828","6451037372","Teltower Carneval Club e.V.","Teltower Carneval Club e.V.","在线","0.00","体育","2023-07-08 00:00:00"
"829","6451038207","KULTURE FITNESS","KULTURE Fitness, LLC","在线","0.00","健康健美","2023-07-08 00:00:00"
"830","6451039031","VideoConversion","红杰 罗","下架","0.00","工具","2023-07-08 00:00:00"
"831","6451039047","Plinko Madness","Madness Games","下架","0.00","冒险","2023-07-08 00:00:00"
"832","6451039609","P.K. GALLERY","P.K. GALLERY LLC","在线","0.00","购物","2023-07-08 00:00:00"
"833","6451041517","Taqueria Salsa","Apprication LLC","在线","0.00","美食佳饮","2023-07-08 00:00:00"
"834","6451042035","KATORD","Kathleen Comerford","下架","0.00","工具","2023-07-08 00:00:00"
"835","6451042422","BOXiQ","BOXIQ FITNESS CLUB L.L.C","在线","0.00","健康健美","2023-07-08 00:00:00"
"836","6451042431","Golden Shield","Beo Bon","在线","0.00","游戏","2023-07-08 00:00:00"
"837","6451042630","InvestCalculation","海杨 张","下架","0.00","工具","2023-07-08 00:00:00"
"838","6451043734","Pilinko Room BRAZ","trident technologies, llc","下架","0.00","游戏","2023-07-08 00:00:00"
"839","6451044709","Pinos Genil","Ayuntamiento de Pinos Genil","在线","0.00","生活","2023-07-08 00:00:00"
"840","6451044771","BROX","Brox one sociedad anonima cerrada","在线","0.00","健康健美","2023-07-08 00:00:00"
"841","6451045163","Netsurf Internet","Jaze Networks","在线","0.00","工具","2023-07-08 00:00:00"
"842","6451045180","Hall Of Scarabei","Zoriyana Demydova","下架","0.00","动作","2023-07-08 00:00:00"
"843","6451046096","Pin Sports Up","Kamran Babayev","下架","0.00","新闻","2023-07-08 00:00:00"
"844","6451046173","Wolfe Electric","Wolfe Electric CO Inc","在线","0.00","商务","2023-07-08 00:00:00"
"845","6451047226","EasyQrrCode","颖媚 刘","下架","0.00","工具","2023-07-08 00:00:00"
"846","6451048881","Holiday Pizza & Bar","Barta Bernadett","在线","0.00","美食佳饮","2023-07-08 00:00:00"
"847","6451053007","Russell County Schools, VA","RUSSELL CO PBLC SCHS","下架","0.00","教育","2023-07-08 00:00:00"
"848","6451053631","Lincoln County Schools - TN","Lincoln County Schools","在线","0.00","教育","2023-07-08 00:00:00"
"849","6451054107","Spa Concepts Spa & Salon","Spa Concepts, Inc.","在线","0.00","生活","2023-07-08 00:00:00"
"850","6451056123","Daybreak Church Hawaii","DAYBREAK CHURCH INC","在线","0.00","教育","2023-07-08 00:00:00"
"851","6451056397","Richmond Dale Church of God","The Richmondale Church of God","在线","0.00","教育","2023-07-08 00:00:00"
"852","6451057940","SupersBets","Sang-wook Jang","下架","0.00","工具","2023-07-08 00:00:00"
"853","6451058893","Pumpkin universe","Douglas Witherup","下架","0.00","工具","2023-07-08 00:00:00"
"854","6451061052","Aroka Adventure Jump","Sharon imtoken imtoken钱包,比特派,bitpie,metamask,tokenpocket,trust,crypto,区块链","下架","0.00","工具","2023-07-08 00:00:00"
"855","6451061135","OilCalculate","新宇 王","下架","0.00","工具","2023-07-08 00:00:00"
"856","6451062293","Egg Farm Merge Puzzle","Kadir Ebinc","下架","0.00","工具","2023-07-08 00:00:00"
"857","6451062797","MSVM 2023","Twigz Technologies Private Limited","下架","0.00","工具","2023-07-08 00:00:00"
"858","6451064570","Edlcn","Phuong Thi To","下架","0.00","工具","2023-07-08 00:00:00"
"859","6451065294","Mini tooth Jump","COLOR imtoken imtoken钱包,比特派,bitpie,metamask,tokenpocket,trust,crypto,区块链","下架","0.00","工具","2023-07-08 00:00:00"
"860","6451066057","LuckyHands","颖媚 刘","下架","0.00","工具","2023-07-08 00:00:00"
"861","6451067252","Archery Skills Shooting","Suat Ozkeklik","下架","0.00","工具","2023-07-08 00:00:00"
"862","6451069940","Target Triumph Shooting","Zeynep isik","下架","0.00","工具","2023-07-08 00:00:00"
"863","6451070723","Filled Glass 5: Fire & Ice","Lara Volkan","下架","0.00","工具","2023-07-08 00:00:00"
"864","6450190671","Peak Flow: Breathwork Training","Peak Flow Breathwork LLC","在线","0.00","健康健美","2023-07-08 00:19:05"
"865","6449364100","Body Art Business","Vladyslav Cholak","在线","0.00","商务","2023-07-08 00:22:23"
"866","6450376135","Censecar: Transporte de Carga","Central de Servicios de Carga de Nuevo Laredo","下架","0.00","工具","2023-07-08 06:42:30"
"867","6450017757","Loveself: Heal Nightmares","Ignacy Pacanowski","在线","0.00","健康健美","2023-07-08 07:00:00"
"868","6450033132","Ai Prompts-Chat","泽彬 刘","在线","0.00","工具","2023-07-08 07:00:00"
"869","6450351360","Amore-AI Girlfriend&Live chat","Sweet Meet Studio","下架","0.00","生活","2023-07-08 07:00:00"
"870","6450643931","RUMI-SMART","思建 杨","在线","0.00","健康健美","2023-07-08 07:00:00"
"871","6450653516","Pen It Down","Steven Peregrine","在线","4.99","效率","2023-07-08 07:00:00"
"872","6451004629","Logbook Calculator","Christopher Wagner","在线","1.99","效率","2023-07-08 07:00:00"
"873","1533979713","支払いクエスト","Kenichi Asai","在线","0.00","教育","2023-07-08 12:17:22"
"874","6450257788","AI Character: AI 18+ Live Chat","SOCIALEASE TECH LIMITED","下架","0.00","娱乐","2023-07-08 23:05:26"
